w_b,w_c1,w_c2,auc_pr,roc_auc,sweep_tier
0.06,0.63,0.31,0.5824605565396135,0.8959686394835211,fine
0.06,0.64,0.3,0.5824596717866743,0.8959555845478623,fine
0.06,0.62,0.32,0.5824572052430147,0.8959788160550329,fine
0.07,0.62,0.31,0.5824570168955179,0.8959932880266844,fine
0.07,0.63,0.3,0.5824569821782373,0.8959814734281376,fine
0.07,0.64,0.29,0.5824544146634228,0.8959671113144686,fine
0.06,0.65,0.29,0.582454410758878,0.8959399314071632,fine
0.07,0.61,0.32,0.582453741058159,0.8960024853611397,fine
0.05,0.63,0.32,0.5824531030825231,0.8959522145183522,fine
0.05,0.64,0.31,0.5824530492760439,0.8959405522579975,fine
0.06,0.61,0.33,0.5824521823921276,0.8959864500998833,fine
0.05,0.65,0.3,0.5824501651632266,0.8959263931948084,coarse
0.05,0.62,0.33,0.5824488198372051,0.8959608505950636,fine
0.07,0.65,0.28,0.5824470482935479,0.8959497886053466,fine
0.06,0.66,0.28,0.582444854522643,0.89592167945744,fine
0.07,0.6,0.33,0.5824444779778243,0.8960090542466141,fine
0.06,0.6,0.34,0.5824418882642617,0.8959912797574444,fine
0.05,0.66,0.29,0.58244182728238,0.895909731915299,fine
0.05,0.61,0.34,0.5824410935618631,0.8959669461583935,fine
0.08,0.62,0.3,0.5824410188951883,0.8960039949856459,fine
0.08,0.61,0.31,0.582440118446004,0.8960146919229467,fine
0.08,0.63,0.29,0.5824400349939205,0.8959906559985389,fine
0.08,0.64,0.28,0.5824362611218294,0.8959745166507027,fine
0.07,0.66,0.27,0.5824361339271614,0.8959299735449765,fine
0.08,0.6,0.32,0.5824339952070428,0.8960226510006795,fine
0.04,0.64,0.32,0.5824337346747238,0.8959222867969276,fine
0.04,0.65,0.31,0.5824326548929176,0.8959095420629881,fine
0.06,0.67,0.27,0.5824320146705217,0.8959007718570848,fine
0.07,0.59,0.34,0.5824313387255008,0.896012548540244,fine
0.04,0.63,0.33,0.5824310229937528,0.8959321012464642,fine
0.05,0.67,0.28,0.58243042601113,0.8958904125915914,fine
0.05,0.6,0.35,0.5824292588145719,0.8959704556634727,coarse
0.06,0.59,0.35,0.58242880549244,0.8959936750014837,fine
0.08,0.65,0.27,0.5824271701170617,0.8959556447225667,fine
0.04,0.66,0.3,0.582426565284096,0.8958943034566558,fine
0.04,0.62,0.34,0.5824251958831409,0.8959391437448904,fine
0.08,0.59,0.33,0.5824234782230335,0.8960277837911097,fine
0.07,0.67,0.26,0.5824211340727967,0.8959075961830607,fine
0.09,0.62,0.29,0.5824164310183095,0.8960112111630328,fine
0.04,0.67,0.29,0.582416139340654,0.8958766422256748,fine
0.06,0.68,0.26,0.5824158295787071,0.8958773212379332,fine
0.05,0.68,0.27,0.5824157245183342,0.8958685494214057,fine
0.04,0.61,0.35,0.5824155772320735,0.8959439055996526,fine
0.09,0.61,0.3,0.58241501359037,0.8960233785329877,fine
0.08,0.66,0.26,0.5824145672105092,0.8959346332145902,fine
0.05,0.59,0.36,0.5824137560502229,0.8959713563378668,fine
0.09,0.63,0.28,0.5824114710216673,0.8959959452879401,fine
0.09,0.6,0.31,0.5824107393670667,0.8960326352815748,fine
0.09,0.64,0.27,0.5824053831866811,0.8959784629480784,fine
0.07,0.68,0.25,0.5824036435480179,0.8958825329265725,fine
0.04,0.68,0.28,0.5824027161243077,0.89585626192574,fine
0.09,0.59,0.32,0.5824026870704282,0.8960392886129632,fine
0.04,0.6,0.36,0.5824025736912093,0.8959459092830881,fine
0.03,0.64,0.33,0.5824003331052896,0.8959002749124539,fine
0.03,0.65,0.32,0.5823997991854476,0.8958891460147295,fine
0.08,0.67,0.25,0.5823975417784372,0.89591046016344,fine
0.05,0.69,0.26,0.5823974119227908,0.895844005076671,fine
0.03,0.66,0.31,0.5823963792950998,0.895875444212184,fine
0.03,0.63,0.34,0.5823959759888877,0.8959086395095327,fine
0.09,0.65,0.26,0.5823950459335138,0.8959583802333078,fine
0.06,0.69,0.25,0.5823949642617791,0.8958512893029242,fine
0.03,0.62,0.35,0.5823884736377097,0.8959143742259645,fine
0.03,0.67,0.3,0.5823882633376557,0.8958589967877575,fine
0.04,0.59,0.37,0.58238664691034,0.8959455545431396,fine
0.04,0.69,0.27,0.5823863758080863,0.8958332887447722,fine
0.07,0.69,0.24,0.5823813186866983,0.8958548340404047,fine
0.09,0.66,0.25,0.5823795618530764,0.8959353588902067,fine
0.1,0.61,0.29,0.5823783521115238,0.8960283471292433,fine
0.08,0.68,0.24,0.5823779817879412,0.8958837702885039,fine
0.1,0.62,0.28,0.5823776920185672,0.8960143865083599,fine
0.03,0.61,0.36,0.5823770149709404,0.8959173482656545,fine
0.03,0.68,0.29,0.5823764515931927,0.8958402389231223,fine
0.1,0.6,0.3,0.5823756077244457,0.8960391417777367,coarse
0.05,0.7,0.25,0.5823754150536843,0.895816854630364,coarse
0.1,0.63,0.27,0.5823726462585087,0.8959979120836108,fine
0.06,0.7,0.24,0.5823715787525426,0.8958225919416903,fine
0.1,0.59,0.31,0.5823690443899476,0.8960473696954683,fine
0.04,0.7,0.26,0.582366891547391,0.8958079168300795,fine
0.1,0.64,0.26,0.5823634812311179,0.8959786690184786,fine
0.03,0.6,0.37,0.5823632097198075,0.8959181203361917,fine
0.09,0.67,0.24,0.5823608492353085,0.8959094247111298,fine
0.03,0.69,0.28,0.5823608140991743,0.8958189212176169,fine
0.07,0.7,0.23,0.5823556079753398,0.8958244976678653,fine
0.02,0.65,0.33,0.5823554472066129,0.895864969541003,fine
0.08,0.69,0.23,0.5823531946659832,0.895854257079076,fine
0.02,0.64,0.34,0.5823528690868799,0.8958746956299142,fine
0.02,0.66,0.32,0.5823521534278621,0.8958528854089943,fine
0.1,0.65,0.25,0.5823514935578253,0.8959568776552818,coarse
0.05,0.71,0.24,0.5823506891188452,0.8957874852586123,fine
0.02,0.63,0.35,0.5823475360738487,0.8958816037978201,fine
0.02,0.67,0.31,0.58234628216642,0.8958380556327346,fine
0.03,0.59,0.38,0.5823449102571353,0.8959161180173126,fine
0.06,0.71,0.23,0.5823441569351133,0.8957912919461999,fine
0.03,0.7,0.27,0.5823441410713889,0.8957953322190151,fine
0.04,0.71,0.25,0.5823434157176022,0.8957799624586708,fine
0.09,0.68,0.23,0.582339270242603,0.8958810613977993,fine
0.02,0.62,0.36,0.582338644473593,0.8958858340571645,fine
0.02,0.68,0.3,0.5823380605140549,0.8958209017707014,fine
0.1,0.66,0.24,0.5823340773022533,0.8959320329291605,fine
0.11,0.61,0.28,0.5823307578099987,0.8960292776449221,fine
0.11,0.6,0.29,0.5823293659639719,0.8960418741567089,fine
0.11,0.62,0.27,0.5823279692619092,0.8960141056557901,fine
0.07,0.71,0.22,0.5823258291497991,0.895791306978691,fine
0.08,0.7,0.22,0.5823254146226532,0.8958221982783271,fine
0.02,0.61,0.37,0.5823252865474995,0.8958877068773954,fine
0.11,0.59,0.3,0.5823250943216279,0.8960517073297498,fine
0.02,0.69,0.29,0.5823247519137799,0.8958011192136195,fine
0.03,0.71,0.26,0.5823229747582819,0.8957688228010825,fine
0.11,0.63,0.26,0.5823209379583618,0.8959959358478937,fine
0.05,0.55,0.4,0.5823166537959834,0.8959480828202521,coarse
0.09,0.69,0.22,0.582313845212433,0.8958500659221044,fine
0.1,0.67,0.23,0.5823137759675877,0.8959047064326964,fine
0.11,0.64,0.25,0.5823102548331743,0.8959750753135527,fine
0.02,0.7,0.28,0.5823090039666592,0.895778966578499,fine
0.02,0.6,0.38,0.5823084220902492,0.8958866549385587,fine
0.1,0.55,0.35,0.5823067753922676,0.8960537564014661,coarse
0.01,0.65,0.34,0.582296224258521,0.8958375360946276,fine
0.01,0.66,0.33,0.5822958066787048,0.8958268909209945,fine
0.08,0.71,0.21,0.5822950358494158,0.8957875678030951,fine
0.11,0.65,0.24,0.5822930937195845,0.8959512526402441,fine
0.01,0.64,0.35,0.5822915213861617,0.8958456293910319,fine
0.01,0.67,0.32,0.5822907042414172,0.8958135895822248,fine
0.1,0.68,0.22,0.5822905914849319,0.8958746555656409,fine
0.02,0.71,0.27,0.5822896574314185,0.8957540426857313,fine
0.02,0.59,0.39,0.5822891086565983,0.8958833045944538,fine
0.01,0.63,0.36,0.5822850921717839,0.8958511310367409,fine
0.01,0.68,0.31,0.5822847118115471,0.8957978976075901,fine
0.09,0.7,0.21,0.5822846479279564,0.8958164192026243,fine
0.11,0.66,0.23,0.5822752443722795,0.8959249321798312,fine
0.01,0.69,0.3,0.5822741854029689,0.895779830588826,fine
0.01,0.62,0.37,0.5822741143622393,0.895853892406946,fine
0.1,0.69,0.21,0.5822639157347405,0.8958420119965106,fine
0.01,0.61,0.38,0.5822597584640028,0.8958541538649178,fine
0.01,0.7,0.29,0.5822583410601507,0.8957589600999338,fine
0.11,0.67,0.22,0.5822537840351424,0.895895979154398,fine
0.09,0.71,0.2,0.5822529753890684,0.8957800983550757,fine
0.01,0.6,0.39,0.5822426620529821,0.8958519139342509,fine
0.01,0.71,0.28,0.5822408743176819,0.8957356218441799,fine
0.1,0.7,0.2,0.5822324458527118,0.8958065163029834,coarse
0.11,0.68,0.21,0.582229350565188,0.8958642387874467,fine
0.0,0.66,0.34,0.5822204601093234,0.8957973610684514,fine
0.0,0.67,0.33,0.5822195629791701,0.8957855255989011,fine
0.01,0.59,0.4,0.5822194492665029,0.8958471246988795,fine
0.0,0.65,0.35,0.5822131327781981,0.895806558380537,coarse
0.05,0.75,0.2,0.5822101871034453,0.8956427444026565,coarse
0.0,0.68,0.32,0.5822094695579427,0.8957712288944646,fine
0.0,0.64,0.36,0.5822091491135206,0.8958131036435252,fine
0.0,0.63,0.37,0.5822053245821397,0.8958170441247582,fine
0.0,0.69,0.31,0.5822046034473093,0.8957545247991989,fine
0.11,0.69,0.2,0.5822000405750691,0.8958297379674515,fine
0.1,0.71,0.19,0.5821980794375258,0.8957686023692846,fine
0.0,0.62,0.38,0.5821925511609283,0.8958184936640392,fine
0.0,0.7,0.3,0.5821797728154156,0.8957353063631929,coarse
0.0,0.61,0.39,0.5821776380832618,0.8958174437384824,fine
0.0,0.71,0.29,0.5821766650317671,0.8957135594934856,fine
0.11,0.7,0.19,0.5821675994132492,0.8957925835995837,fine
0.1,0.5,0.4,0.5821425903915847,0.8959999079599935,coarse
0.0,0.59,0.41,0.5821342956896032,0.8958077392811471,fine
0.11,0.71,0.18,0.582132284984818,0.8957527259781957,fine
0.0,0.6,0.4,0.5821295182655666,0.8958137119896531,coarse
0.05,0.5,0.45,0.5821090612554388,0.8958600169167692,coarse
0.15,0.6,0.25,0.5820345391709647,0.8960143876492186,coarse
0.0,0.75,0.25,0.5820264294042042,0.8956014591196307,coarse
0.1,0.75,0.15,0.5820234042802253,0.8955886210366054,coarse
0.15,0.55,0.3,0.5820102708633619,0.8960679380581316,coarse
0.0,0.55,0.45,0.5819936729353803,0.8957570540605816,coarse
0.15,0.65,0.2,0.5819667505602638,0.8958903622595897,coarse
0.05,0.8,0.15,0.5819560623395448,0.8954029928112448,coarse
0.15,0.5,0.35,0.5818903359706287,0.8960512356182294,coarse
0.1,0.45,0.45,0.5818864086207141,0.8958786614561064,coarse
0.0,0.8,0.2,0.5818370253687988,0.8954047221964555,coarse
0.05,0.45,0.5,0.5818076380062354,0.8957060203188663,coarse
0.15,0.7,0.15,0.5818075372683535,0.8956967494549487,coarse
0.1,0.8,0.1,0.5817228610040732,0.8953039877057596,coarse
0.15,0.45,0.4,0.5816778439907964,0.8959640970091772,coarse
0.0,0.5,0.5,0.5816532411534852,0.8956367314061794,coarse
0.05,0.85,0.1,0.5816085413573276,0.8950984690786146,coarse
0.15,0.75,0.1,0.5815559537325332,0.8954332778898819,coarse
0.0,0.85,0.15,0.5815528858542404,0.8951436027912345,coarse
0.1,0.4,0.5,0.5815332955385978,0.8956887913167467,coarse
0.2,0.55,0.25,0.5814657740541339,0.8959845292964774,coarse
0.2,0.6,0.2,0.5814473348601774,0.895889419418163,coarse
0.05,0.4,0.55,0.5814078977234631,0.8954857021594025,coarse
0.0,0.45,0.55,0.5813913244121264,0.8954513406583879,coarse
0.2,0.5,0.3,0.5813893739022183,0.8960067516358278,coarse
0.15,0.4,0.45,0.5813684123867402,0.895806633117967,coarse
0.2,0.65,0.15,0.5813360817854973,0.895721663795821,coarse
0.1,0.85,0.05,0.5813307840144311,0.8949517569530323,coarse
0.2,0.45,0.35,0.5812188685001584,0.8959565192466896,coarse
0.15,0.8,0.05,0.5812112551234472,0.8951003393263209,coarse
0.05,0.9,0.05,0.5811669516638226,0.8947277988726803,coarse
0.0,0.9,0.1,0.5811502408849386,0.8948198695928795,coarse
0.2,0.7,0.1,0.5811339171284498,0.8954818165288664,coarse
0.1,0.35,0.55,0.5810805087229336,0.8954313082085097,coarse
0.15,0.35,0.5,0.5809594343005465,0.8955789733313984,coarse
0.2,0.4,0.4,0.5809500751321253,0.8958333314486795,coarse
0.0,0.4,0.6,0.5809191135541177,0.89520270703455,coarse
0.05,0.35,0.6,0.5809082549079821,0.8952005060272976,coarse
0.1,0.9,0.0,0.5808478285558226,0.8945318544212804,coarse
0.2,0.75,0.05,0.5808368323740493,0.8951694353891468,coarse
0.15,0.85,0.0,0.58077595145055,0.8946973231811601,coarse
0.25,0.55,0.2,0.580694732780621,0.8957969882537218,coarse
0.0,0.95,0.05,0.5806681664438226,0.8944333886735258,coarse
0.25,0.5,0.25,0.5806592166923277,0.8958614503050701,coarse
0.25,0.6,0.15,0.5806359791741085,0.8956576494979607,coarse
0.05,0.95,0.0,0.5806338618490724,0.894292458084322,coarse
0.2,0.35,0.45,0.580584315395391,0.8956381273922105,coarse
0.25,0.45,0.3,0.5805318496211002,0.8958503365516854,coarse
0.1,0.3,0.6,0.5805255745400294,0.8951061950856247,coarse
0.25,0.65,0.1,0.5804839011053045,0.8954429419026575,coarse
0.15,0.3,0.55,0.5804505746629351,0.8952814684299684,coarse
0.2,0.8,0.0,0.5804502947151592,0.8947846068358566,coarse
0.0,0.35,0.65,0.5803902894936138,0.8948903232775662,coarse
0.25,0.4,0.35,0.5803054787000329,0.8957638704676558,coarse
0.05,0.3,0.65,0.5803032309433934,0.8948493455342562,coarse
0.25,0.7,0.05,0.5802367553960254,0.8951532773625456,coarse
0.2,0.3,0.5,0.580118982703936,0.8953707956534155,coarse
0.25,0.35,0.4,0.5799814206792799,0.8956026814714407,coarse
0.25,0.75,0.0,0.5798972349327229,0.894788318250557,coarse
0.0,1.0,0.0,0.579892130739171,0.8939842981441868,coarse
0.1,0.25,0.65,0.5798644142325549,0.8947150316794832,coarse
0.15,0.25,0.6,0.5798355871385326,0.8949152572367343,coarse
0.3,0.5,0.2,0.5797287610763168,0.8956071636592313,coarse
0.0,0.3,0.7,0.57972302839876,0.8945149668938305,coarse
0.3,0.55,0.15,0.5797205816695744,0.8954977551974191,coarse
0.3,0.45,0.25,0.5796414747706679,0.8956385287507774,coarse
0.3,0.6,0.1,0.5796197307907759,0.8953106208596077,coarse
0.05,0.25,0.7,0.5795911962585669,0.8944340354285636,coarse
0.25,0.3,0.45,0.5795570815494897,0.8953670710629155,coarse
0.2,0.25,0.55,0.5795506366718715,0.8950312251663441,coarse
0.3,0.4,0.3,0.579457393845209,0.8955916878661367,coarse
0.3,0.65,0.05,0.5794238904990325,0.895045758431189,coarse
0.3,0.35,0.35,0.5791738239070562,0.895467041894111,coarse
0.3,0.7,0.0,0.5791354718392208,0.894702264777093,coarse
0.15,0.2,0.65,0.579112902581207,0.8944811212622794,coarse
0.1,0.2,0.7,0.5790914796108784,0.8942574676122438,coarse
0.25,0.25,0.5,0.5790346407717181,0.895057730691935,coarse
0.0,0.25,0.75,0.578916971528024,0.8940776540976434,coarse
0.2,0.2,0.6,0.578873381416768,0.8946214547797238,coarse
0.3,0.3,0.4,0.5787947871130822,0.8952656275620876,coarse
0.05,0.2,0.75,0.5787656322375243,0.8939554539029868,coarse
0.35,0.5,0.15,0.5786063425572243,0.8952360126149069,coarse
0.35,0.45,0.2,0.5785605484434042,0.8953128177731904,coarse
0.35,0.55,0.1,0.5785567564802725,0.8950779436882961,coarse
0.35,0.4,0.25,0.5784172976095211,0.8953089024132186,coarse
0.35,0.6,0.05,0.5784137045177603,0.8948398819323267,coarse
0.25,0.2,0.55,0.578404233126771,0.8946742949481674,coarse
0.3,0.25,0.45,0.5783099786484558,0.8949872837405517,coarse
0.15,0.15,0.7,0.5782775762746257,0.8939794022497114,coarse
0.1,0.15,0.75,0.5782025585683357,0.8937350107412004,coarse
0.35,0.35,0.3,0.5781765078184831,0.8952240890531685,coarse
0.35,0.65,0.0,0.5781750415219437,0.8945197883864224,coarse
0.2,0.15,0.65,0.578088698046681,0.8941425193418804,coarse
0.0,0.2,0.8,0.5780529265983055,0.8935792575564359,coarse
0.35,0.3,0.35,0.5778350885134259,0.8950590518734267,coarse
0.05,0.15,0.8,0.5778218636525045,0.893414193197413,coarse
0.3,0.2,0.5,0.577721892352579,0.8946332498270841,coarse
0.25,0.15,0.6,0.5776629507419349,0.8942187675374169,coarse
0.35,0.25,0.4,0.5773912285522637,0.8948142318941772,coarse
0.15,0.1,0.75,0.5773224464009704,0.8934115157138777,coarse
0.4,0.5,0.1,0.5773044002158336,0.894738416397267,coarse
0.4,0.45,0.15,0.5772990450514528,0.8948647163236103,coarse
0.4,0.55,0.05,0.5772118626108144,0.8945281970967045,coarse
0.4,0.4,0.2,0.5771989633884764,0.8949069634623744,coarse
0.1,0.1,0.8,0.577190075123135,0.8931487675427097,coarse
0.2,0.1,0.7,0.5771835929111593,0.8935941426084184,coarse
0.0,0.15,0.85,0.5770651213567711,0.8930203041008633,coarse
0.4,0.6,0.0,0.5770259072182068,0.8942339798816296,coarse
0.3,0.15,0.55,0.5770251234521495,0.8942035348143363,coarse
0.4,0.35,0.25,0.5769989530800225,0.8948651748817009,coarse
0.35,0.2,0.45,0.5768440865926469,0.894490892157857,coarse
0.25,0.1,0.65,0.5768069137524596,0.8936920636744348,coarse
0.05,0.1,0.85,0.5767464955351398,0.8928109342479018,coarse
0.4,0.3,0.3,0.5766967602999298,0.8947393795280831,coarse
0.4,0.25,0.35,0.5762962188554168,0.8945317393511396,coarse
0.15,0.05,0.8,0.5762454998007972,0.892779381742351,coarse
0.3,0.1,0.6,0.5762155193384983,0.8936997317213485,coarse
0.35,0.15,0.5,0.5761926216682222,0.8940902044382071,coarse
0.2,0.05,0.75,0.5761596985616448,0.8929789674791959,coarse
0.1,0.05,0.85,0.5760521144004589,0.8925002503703909,coarse
0.0,0.1,0.9,0.5759184001369944,0.8924017711783996,coarse
0.45,0.45,0.1,0.5758711667909865,0.894284569247694,coarse
0.45,0.5,0.05,0.5758357361651899,0.8941054812297516,coarse
0.25,0.05,0.7,0.575833891546778,0.8930959065032628,coarse
0.45,0.4,0.15,0.5758093705059052,0.8943766499895538,coarse
0.4,0.2,0.4,0.5757928173809859,0.8942420825062315,coarse
0.45,0.55,0.0,0.5757023930215293,0.8938382138040701,coarse
0.45,0.35,0.2,0.5756523056634707,0.8943815193087323,coarse
0.05,0.05,0.9,0.575539374337712,0.8921470268916312,coarse
0.35,0.1,0.55,0.5754278578336718,0.8936115341940885,coarse
0.45,0.3,0.25,0.5753938872820092,0.8942991577882615,coarse
0.3,0.05,0.65,0.5752890624769613,0.8931236231510348,coarse
0.4,0.15,0.45,0.5751800052865216,0.8938706192916472,coarse
0.45,0.25,0.3,0.5750333246227998,0.8941305472153528,coarse
0.15,0.0,0.85,0.5750329896116093,0.89208283283023,coarse
0.2,0.0,0.8,0.5750085437667414,0.892297856018369,coarse
0.1,0.0,0.9,0.5747769632062801,0.8917898500242758,coarse
0.25,0.0,0.75,0.5747362081826614,0.8924309949900021,coarse
0.0,0.05,0.95,0.5746436315873398,0.8917242834651112,coarse
0.45,0.2,0.35,0.5745703457689517,0.8938772452647965,coarse
0.35,0.05,0.6,0.5745472909989718,0.8930577329906536,coarse
0.4,0.1,0.5,0.5744600144103886,0.8934199258110858,coarse
0.5,0.45,0.05,0.5742841080465321,0.8935612026620918,coarse
0.5,0.4,0.1,0.5742648617666828,0.8937074712397046,coarse
0.3,0.0,0.7,0.5742446707602404,0.892476979425301,coarse
0.5,0.5,0.0,0.5742088310264833,0.8933240858726782,coarse
0.05,0.0,0.95,0.5741976812154134,0.8914245531062612,coarse
0.5,0.35,0.15,0.5741470038871495,0.8937628655894644,coarse
0.45,0.15,0.4,0.5740018156827249,0.8935392904797214,coarse
0.5,0.3,0.2,0.5739309513106705,0.893727455684038,coarse
0.4,0.05,0.55,0.5736248619725073,0.89289091399094,coarse
0.5,0.25,0.25,0.5736122063695028,0.8936027308809128,coarse
0.35,0.0,0.65,0.5735491266809024,0.8924300298235364,coarse
0.45,0.1,0.45,0.5733239007395632,0.8931177212652477,coarse
0.5,0.2,0.3,0.573191545069604,0.8933890546218807,coarse
0.0,0.0,1.0,0.5729989583551038,0.8909894851844617,coarse
0.4,0.0,0.6,0.5726734574957749,0.892284465111006,coarse
0.5,0.15,0.35,0.5726649146585361,0.8930872853471938,coarse
0.55,0.4,0.05,0.572569235473599,0.8928878169398378,coarse
0.55,0.45,0.0,0.5725465686962663,0.8926815553676075,coarse
0.45,0.05,0.5,0.5725351054875845,0.8926157716873722,coarse
0.55,0.35,0.1,0.5724936317626564,0.892998513296911,coarse
0.55,0.3,0.15,0.5723192144082717,0.8930145882868943,coarse
0.55,0.25,0.2,0.5720418268888805,0.8929373757302038,coarse
0.5,0.1,0.4,0.5720311764764189,0.8926978818162714,coarse
0.55,0.2,0.25,0.5716600815937614,0.892766900233596,coarse
0.45,0.0,0.55,0.5716317124634794,0.8920328431308198,coarse
0.5,0.05,0.45,0.5712866185259992,0.8922247910423214,coarse
0.55,0.15,0.3,0.5711759080709943,0.8925048288824481,coarse
0.6,0.4,0.0,0.5707288912236468,0.8919023035721947,coarse
0.6,0.35,0.05,0.570694056647672,0.8920747597337358,coarse
0.55,0.1,0.35,0.5705845292381432,0.8921515581363462,coarse
0.6,0.3,0.1,0.570558392607712,0.8921472091605868,coarse
0.5,0.0,0.5,0.5704299118069798,0.8916680843849375,coarse
0.6,0.25,0.15,0.5703234655607924,0.8921222440403173,coarse
0.6,0.2,0.2,0.569984665030217,0.8919997941541925,coarse
0.55,0.05,0.4,0.5698873572345751,0.8917100304935918,coarse
0.6,0.15,0.25,0.5695445931183071,0.8917815154027005,coarse
0.55,0.0,0.45,0.5690740574941591,0.8911809552327541,coarse
0.6,0.1,0.3,0.5689949247861997,0.8914674493041506,coarse
0.65,0.35,0.0,0.5687570012180831,0.8909761636905217,coarse
0.65,0.3,0.05,0.5686647890104054,0.8911122301503356,coarse
0.65,0.25,0.1,0.5684699846698155,0.8911447183837238,coarse
0.6,0.05,0.35,0.5683418731944018,0.8910606243686429,coarse
0.65,0.2,0.15,0.568173299595648,0.8910750983983141,coarse
0.65,0.15,0.2,0.5677739561220319,0.8909046302613632,coarse
0.6,0.0,0.4,0.5675759330052551,0.8905631716978721,coarse
0.65,0.1,0.25,0.5672713715048174,0.8906344693271948,coarse
0.65,0.05,0.3,0.5666621487576101,0.890266800273122,coarse
0.7,0.3,0.0,0.5666343111417157,0.8898907019062012,coarse
0.7,0.25,0.05,0.5664842873593292,0.8899887030336551,coarse
0.7,0.2,0.1,0.5662303941413809,0.8899782116969891,coarse
0.65,0.0,0.35,0.5659421860879837,0.8898036358870803,coarse
0.7,0.15,0.15,0.5658735326493639,0.889861451183755,coarse
0.7,0.1,0.2,0.565415865211935,0.8896393343375064,coarse
0.7,0.05,0.25,0.5648493592701078,0.8893142464029918,coarse
0.75,0.25,0.0,0.5643671055208148,0.8886322975071348,coarse
0.7,0.0,0.3,0.5641727202525622,0.8888889225554056,coarse
0.75,0.2,0.05,0.5641590140904909,0.8886892592849085,coarse
0.75,0.15,0.1,0.5638461139151097,0.88863275561783,coarse
0.75,0.1,0.15,0.5634309997549766,0.8884655640494544,coarse
0.75,0.05,0.2,0.5629096095698811,0.888188825595077,coarse
0.75,0.0,0.25,0.5622785243042624,0.8878058359941726,coarse
0.8,0.2,0.0,0.5619619343972241,0.8871852425242963,coarse
0.8,0.15,0.05,0.5616949311751553,0.8871977046831931,coarse
0.8,0.1,0.1,0.561320619475611,0.8870918025499516,coarse
0.8,0.05,0.15,0.5608456775540707,0.8868706875342359,coarse
0.8,0.0,0.2,0.5602622247372574,0.8865357445937763,coarse
0.85,0.15,0.0,0.5594231534169417,0.8855290933736476,coarse
0.85,0.1,0.05,0.559093775744726,0.8854942135201243,coarse
0.85,0.05,0.1,0.5586601667844311,0.8853356421906565,coarse
0.85,0.0,0.15,0.5581244971130974,0.8850560967988352,coarse
0.9,0.1,0.0,0.5567494116875812,0.8836409835556944,coarse
0.9,0.05,0.05,0.5563629295606644,0.8835554783655029,coarse
0.9,0.0,0.1,0.5558719670101482,0.8833400824297438,coarse
0.95,0.05,0.0,0.5539492618934194,0.8814903899326164,coarse
0.95,0.0,0.05,0.5535026359698646,0.8813497877765015,coarse
1.0,0.0,0.0,0.551025742135431,0.8790383239489227,coarse
