threshold,prespec_f1,prespec_precision,prespec_recall,prespec_specificity,prespec_tp,prespec_fp,prespec_fn,prespec_tn,opt_f1,opt_precision,opt_recall,opt_specificity,opt_tp,opt_fp,opt_fn,opt_tn
0.1,0.09663571360536602,0.050816955270886095,0.9825008494733265,0.28887414201502865,28915,540088,515,219395,0.09607545015137833,0.05050485660536722,0.9833843017329256,0.28360081792482517,28941,544093,489,215390
0.11,0.09945545016005,0.05238975269388319,0.9786612300373768,0.31405706250172816,28802,520962,628,238521,0.0988512328546375,0.05205175747574884,0.9796466190961604,0.308661286691078,28831,525060,599,234423
0.12,0.10241226036144664,0.0540430642726174,0.9754672103295956,0.33836833740847394,28708,502498,722,256985,0.10166258511105135,0.05362376193267303,0.9761128100577642,0.33245773769788134,28727,506987,703,252496
0.13,0.10538256145842924,0.05571044741248394,0.9722731906218145,0.36139979433377706,28614,485006,816,274477,0.10457136911053545,0.0552542784880457,0.973190621814475,0.3552087406828066,28641,489708,789,269775
0.14,0.10838194774346793,0.05740107081035385,0.9690112130479103,0.3833937033481987,28518,468302,912,291181,0.10750780945494806,0.05690740884708077,0.9700305810397554,0.37706439775478845,28548,473109,882,286374
0.15,0.11142063465613808,0.059121273714146626,0.9656133197417601,0.4045225502084971,28418,452255,1012,307228,0.1104795185400893,0.058587106471472396,0.9668365613319742,0.39799047509950847,28454,457216,976,302267
0.16,0.11443999620069237,0.060838380995150376,0.962079510703364,0.4244992975484639,28314,437083,1116,322400,0.11336524823404438,0.06022859402135443,0.962759089364594,0.4178842712740114,28334,442107,1096,317376
0.17,0.11754602096609112,0.06261423016364755,0.9580360176690452,0.44422455802170685,28195,422102,1235,337381,0.11642344793470195,0.06197090382463301,0.9596330275229358,0.4371328917171286,28242,427488,1188,331995
0.18,0.1206776863411772,0.06441303265505588,0.9539585457016649,0.46307685622983,28075,407784,1355,351699,0.11953896000424921,0.06375596324037666,0.9558953448861706,0.4560602409797191,28132,413113,1298,346370
0.19,0.12384200019055343,0.06624048619654078,0.9495752633367313,0.4813037289840589,27946,393941,1484,365542,0.12256517305815577,0.06550058000299357,0.9516479782534828,0.47388289138795736,28007,399577,1423,359906
0.2,0.12716696976066236,0.06816678831580443,0.9456676860346586,0.4990710786153212,27831,380447,1599,379036,0.12579739959757824,0.06737120849702576,0.9474685694869182,0.4917568925176732,27884,386002,1546,373481
0.21,0.13058905019719824,0.0701591834254815,0.9416921508664627,0.516378905123617,27714,367302,1716,392181,0.129094336202148,0.06928640392785951,0.9436629289840299,0.5088013819927504,27772,373057,1658,386426
0.22,0.13401984237817097,0.0721682382328708,0.9375127420998981,0.5329401711427378,27591,354724,1839,404759,0.13241369400438266,0.07122705314009661,0.9393476044852191,0.5253613313267051,27645,360480,1785,399003
0.23,0.13752044422514823,0.07423200577567349,0.9328236493374108,0.5492012329439895,27453,342374,1977,417109,0.1358867215748801,0.07326518173906332,0.9353720693170234,0.541526275110832,27528,348203,1902,411280
0.24,0.14101944944461517,0.07630967720296608,0.9276928304451241,0.5648658363650009,27302,330477,2128,429006,0.13915563861027422,0.07520507852755678,0.9298674821610602,0.5569104245914656,27366,336519,2064,422964
0.25,0.14469030911789868,0.07850225130784068,0.9223921168875298,0.5804343217688875,27146,318653,2284,440830,0.14276875969967703,0.07735224102765137,0.9252463472646959,0.5723459247935767,27230,324796,2200,434687
0.26,0.14854166838526242,0.08081043803984574,0.9177709819911655,0.5954761331063368,27010,307229,2420,452254,0.14641412721413585,0.07953510776406454,0.9201155283724091,0.5873679858535346,27079,313387,2351,446096
0.27,0.15250744997871435,0.0832032701597919,0.9129459734964323,0.6101927232077611,26868,296052,2562,463431,0.15029033931489963,0.08186475285309738,0.9154943934760449,0.6021332933061043,26943,302173,2487,457310
0.28,0.15652301292004805,0.08564604039756332,0.9076792388718994,0.6244985075373642,26713,285187,2717,474296,0.1541892175734505,0.08422687250288416,0.9104315324498811,0.616419327358216,26794,291323,2636,468160
0.29,0.1607234219042804,0.088221902429135,0.9019707781175671,0.6387753247933133,26545,274344,2885,485139,0.15813370630699652,0.086638487845036,0.9047230716955488,0.630410423933123,26626,280697,2804,478786
0.3,0.16519233116068327,0.09097394786816429,0.8969079170914034,0.652720337387407,26396,263753,3034,495730,0.16248872969044217,0.08930449556376581,0.9001698946653075,0.6442896022689119,26492,270156,2938,489327
0.31,0.16966309940782856,0.09375524982932469,0.891267414203194,0.6661663263035512,26230,253541,3200,505942,0.1669048788603844,0.09203641892246125,0.8947672443085287,0.6579488941819632,26333,259782,3097,499701
0.32,0.17420572254489977,0.09661617023803339,0.8846075433231396,0.6794872301289167,26034,243424,3396,516059,0.17132136753256108,0.09479485209930578,0.8889908256880734,0.671048594899425,26163,249833,3267,509650
0.33,0.17894915289420604,0.09961750759784757,0.8787631668365613,0.6922235257405367,25862,233751,3568,525732,0.1759238882023328,0.09769671899971796,0.8827726809378186,0.6840679778217551,25980,239945,3450,519538
0.34,0.1839655740287265,0.1028155938117762,0.8730207271491676,0.7047978690767271,25693,224201,3737,535282,0.18066575435477267,0.10070583828538654,0.8769962623173633,0.6965290862336616,25810,230481,3620,529002
0.35,0.18904801772232555,0.10609034060670569,0.8670064559972817,0.7169179560306156,25516,214996,3914,544487,0.18568874023557688,0.103914466754177,0.8715256540944615,0.708776891648661,25649,221179,3781,538304
0.36,0.19433664156095168,0.10952994371774145,0.8609582059123344,0.7287681225254549,25338,205996,4092,553487,0.1907183487303543,0.10717006224406914,0.8652735304111451,0.7206678753836492,25465,212148,3965,547335
0.37,0.19979194129885805,0.1131138106841949,0.8548759768943255,0.7402667340809471,25159,197263,4271,562220,0.1959795100705988,0.11060232322172073,0.8592932381923207,0.7322402213084427,25289,203359,4141,556124
0.38,0.20513115508513577,0.11667430099183906,0.8481821270812097,0.7511675705710332,24962,188984,4468,570499,0.20127732763493927,0.11410155593030814,0.8529391777098199,0.743384644554256,25102,194895,4328,564588
0.39,0.21089113126410355,0.12055101246105919,0.8415222562011553,0.7621092243012682,24766,180674,4664,578809,0.20664393392571206,0.11769014137748544,0.846313285762827,0.7541419623612379,24907,186725,4523,572758
0.4,0.21673395983567537,0.12452010251319401,0.8353720693170235,0.7724070189852834,24585,172853,4845,586630,0.2124241265695544,0.12158301329176481,0.8401291199456337,0.7647952620400983,24725,178634,4705,580849
0.41,0.22271041525841753,0.12864741080002956,0.828440366972477,0.7825665617268589,24381,165137,5049,594346,0.21817195021042235,0.12551956428264296,0.8331974176010873,0.7750640896504596,24521,170835,4909,588648
0.42,0.22882872645663477,0.1329383416952733,0.8211009174311926,0.7924759342868767,24165,157611,5265,601872,0.22406264394288347,0.12959982948793095,0.8264356099218485,0.7849221114889997,24322,163348,5108,596135
0.43,0.23524043627371613,0.13747010958385658,0.8145769622833843,0.8019521174272498,23973,150414,5457,609069,0.23018437468678257,0.13390046032794894,0.819367991845056,0.7946300312186053,24114,155975,5316,603508
0.44,0.24135372732354285,0.14189770554493308,0.8069317023445464,0.8109082099270162,23748,143612,5682,615871,0.23656743353555731,0.13842646437643574,0.8128780156303093,0.8039482121390472,23923,148898,5507,610585
0.45,0.24760430487984667,0.14650391914962554,0.7989466530750935,0.8196391492633804,23513,136981,5917,622502,0.24261321455085375,0.1428278626759502,0.8050628610261638,0.8127779028628686,23693,142192,5737,617291
0.46,0.254304751311327,0.1514561089029174,0.7923887189942236,0.8279724496795846,23320,130652,6110,628831,0.2488894543218515,0.14744749271430008,0.7976894325518179,0.8212731555545022,23476,135740,5954,623743
0.47,0.2608022948523931,0.15639094689222685,0.7846755011892627,0.8359818455449299,23093,124569,6337,634914,0.25545831161348737,0.15232797827438405,0.7909616038056405,0.8294405536397786,23278,129537,6152,629946
0.48,0.26796273226536593,0.16183795010914948,0.7783893985728848,0.8437871552095307,22908,118641,6522,640842,0.26189772727272725,0.15724227331650406,0.7831124702684336,0.8373590982286635,23047,123523,6383,635960
0.49,0.2751755517991409,0.16744456979376351,0.771627590893646,0.851330444526079,22709,112912,6721,646571,0.2689563073954454,0.16263615860209316,0.7767244308528712,0.845034056061821,22859,117694,6571,641789
0.5,0.28236887821336965,0.1731412617961714,0.76493374108053,0.8584444944784807,22512,107509,6918,651974,0.27610658284294015,0.16821056381936403,0.7700305810397553,0.8524496269172582,22662,112062,6768,647421
0.51,0.2891721067864142,0.17871695328542095,0.7570846075433232,0.865183289158546,22281,102391,7149,657092,0.28316464790330104,0.17382087150284725,0.763370710159701,0.8594017245942306,22466,106782,6964,652701
0.52,0.29663785338836085,0.1848940876793136,0.7497791369351002,0.8719155004127808,22066,97278,7364,662205,0.29002079679768433,0.17943836268443597,0.755793408086986,0.8660720516456589,22243,101716,7187,657767
0.53,0.30403830228463663,0.19117170886242113,0.7422697927285083,0.8783066902089974,21845,92424,7585,667059,0.2976619130293798,0.18576355219777904,0.7485898742779477,0.8728529802510392,22031,96566,7399,662917
0.54,0.311975827678462,0.19801173552054632,0.734998301053347,0.8846452125985703,21631,87610,7799,671873,0.3047623041332942,0.19184000281561256,0.7408426775399253,0.879063784179501,21803,91849,7627,667634
0.55,0.31983851070988,0.20503235082674334,0.7268093781855249,0.8908007157500563,21390,82935,8040,676548,0.3126049690160422,0.19861829153864552,0.7336391437308869,0.8852969717557865,21591,87115,7839,672368
0.56,0.3276838781575037,0.2121640310263965,0.7193679918450561,0.8964887956675791,21171,78615,8259,680868,0.32083145730151585,0.2058846190888953,0.7263676520557254,0.8914353580001132,21377,82453,8053,677030
0.57,0.3358021128905561,0.21973606915072172,0.7117567108392796,0.9020636406608179,20947,74381,8483,685102,0.32859816858636304,0.21298188737754598,0.7187903499830105,0.8970760372516567,21154,78169,8276,681314
0.58,0.3442268692443233,0.22784587285170432,0.7036357458375807,0.9075976684139079,20708,70178,8722,689305,0.3366916663984292,0.2205866846622662,0.7108392796466191,0.9026732658927191,20920,73918,8510,685565
0.59,0.3529857558690298,0.23641103728313032,0.6963642541624193,0.9128433421156233,20494,66194,8936,693289,0.34532182038126225,0.2288494498811301,0.7032279986408427,0.9081756932018228,20696,69739,8734,689744
0.6,0.3611623821879821,0.24482887849224483,0.6881413523615358,0.917750627729653,20252,62467,9178,697016,0.3537297446705594,0.23714993861620068,0.6957526333673123,0.913275214850102,20476,65866,8954,693617
0.61,0.3692358791725869,0.25343229140280665,0.6799184505606524,0.9223866761994672,20010,58946,9420,700537,0.3616669200976753,0.2454442812223045,0.6869520897043833,0.9181653835569723,20217,62152,9213,697331
0.62,0.37774996895388935,0.2627403558662113,0.6718314644920149,0.9269489902999803,19772,55481,9658,704002,0.37012950919904397,0.2544322176371695,0.6787971457696228,0.9229225670620672,19977,58539,9453,700944
0.63,0.3870328341641807,0.2732017181794014,0.6634726469588855,0.9316047890472862,19526,51945,9904,707538,0.3788544564904538,0.2639572192513369,0.6708800543662929,0.92750858149557,19744,55056,9686,704427
0.64,0.39541182747158043,0.2832240806608072,0.6547740400951411,0.9357878978199644,19270,48768,10160,710715,0.38752620232666724,0.27382105603054935,0.6627251104315325,0.9318944597838267,19504,51725,9926,707758
0.65,0.40468515622506623,0.2945686010314547,0.6462793068297655,0.9400263073696186,19020,45549,10410,713934,0.3964620723030509,0.28441844317392784,0.6541624193000339,0.9362237206099412,19252,48437,10178,711046
0.66,0.4137528624273384,0.3060323767955441,0.6384981311586816,0.9438947283876005,18791,42611,10639,716872,0.4053027879098142,0.29535845302493313,0.6456337071015971,0.9403133447358268,19001,45331,10429,714152
0.67,0.4221903002941378,0.31768581428865555,0.6291539245667686,0.9476380643148036,18516,39768,10914,719715,0.414461555445162,0.30695773035728885,0.6378525314305131,0.9441949326054698,18772,42383,10658,717100
0.68,0.43148054035527295,0.3308022688969029,0.6202514441046552,0.9513787668716746,18254,36927,11176,722556,0.42333729759399874,0.319038918956186,0.6289500509683996,0.9479804024579879,18510,39508,10920,719975
0.69,0.4400929549902153,0.34379896808713933,0.6113149847094801,0.9547863480815239,17991,34339,11439,725144,0.43196759177001526,0.3315694724783154,0.6195718654434251,0.9515999699795782,18234,36759,11196,722724
0.7,0.4488912515188335,0.3576788091492194,0.6025484199796126,0.9580701608857605,17733,31845,11697,727638,0.4410389801602395,0.34515007777543066,0.6107033639143731,0.9551010358362202,17973,34100,11457,725383
0.71,0.45772411077569236,0.37290419161676647,0.5924906557934081,0.9613908408746477,17437,29323,11993,730160,0.44923819197562215,0.3586255828096493,0.6011213047910295,0.9583413980299756,17691,31639,11739,727844
0.72,0.4664818890791011,0.38863986235624376,0.5833163438668025,0.9644429170896518,17167,27005,12263,732478,0.45842880092702326,0.3742475060199518,0.591471287801563,0.9616778782408559,17407,29105,12023,730378
0.73,0.47479405066494224,0.404925187032419,0.573802242609582,0.9673238242330638,16887,24817,12543,734666,0.4672634863535407,0.3900452694556291,0.582602786272511,0.9646957206415416,17146,26813,12284,732670
0.74,0.4836848301623523,0.4226207106753702,0.5653754672103296,0.9700691128043682,16639,22732,12791,736751,0.47559685812192404,0.4065038690547935,0.5729867482161061,0.9675832112107842,16863,24620,12567,734863
0.75,0.49233543733092877,0.4413904607922393,0.5565749235474006,0.972705116506887,16380,20730,13050,738753,0.48484848484848486,0.4246883302677294,0.5648657832144071,0.97034825005958,16624,22520,12806,736963
0.76,0.4997667402730694,0.46074664525748366,0.5460074753652735,0.9752371020812842,16069,18807,13361,740676,0.4936535007621836,0.44407635702066417,0.5556914712878016,0.9730435045945729,16354,20473,13076,739010
0.77,0.507491929914722,0.48116454000060904,0.5368671423717295,0.9775676348252693,15800,17037,13630,742446,0.5011699372913612,0.46325989156765485,0.545837580699966,0.9754938556886724,16064,18612,13366,740871
0.78,0.5152057838357709,0.5031415986526753,0.5278627251104315,0.9798007328669635,15535,15341,13895,744142,0.5087156333145206,0.48408777044652446,0.5359836901121304,0.9778652056728063,15774,16811,13656,742672
0.79,0.522721051190802,0.5264318698738714,0.5190621814475026,0.9819061124475466,15276,13742,14154,745741,0.5165353281242191,0.5067172228941261,0.526741420319402,0.9801299041584868,15502,15091,13928,744392
0.8,0.528203410152875,0.5489865484001026,0.508936459395175,0.9837981890312225,14978,12305,14452,747178,0.5234380369784865,0.5294792463324759,0.517533129459735,0.9821786662769278,15231,13535,14199,745948
0.81,0.5343744880685851,0.5754439609549571,0.4987767584097859,0.9857402996512101,14679,10830,14751,748653,0.5296410474469366,0.5533466607433734,0.5078831124702684,0.984114193471085,14947,12065,14483,747418
0.82,0.5395272106930619,0.6017647304813282,0.4889568467550119,0.987461207163294,14390,9523,15040,749960,0.5351535336529664,0.5798699238578681,0.49683995922528035,0.9860510373504081,14622,10594,14808,748889
0.83,0.5441864945573645,0.6283870967741936,0.4798844716275909,0.9890030454927892,14123,8352,15307,751131,0.5405079508629136,0.6066142265076546,0.4873938158341828,0.9877521945850006,14344,9302,15086,750181
0.84,0.5486806367835689,0.6586073961258389,0.47020047570506285,0.9905554173036131,13838,7173,15592,752310,0.5455038864874295,0.6350015794936594,0.4781175671083928,0.9893506503766378,14071,8088,15359,751395
0.85,0.5525732077084309,0.6888032063314901,0.46133197417601085,0.991923453191184,13577,6134,15853,753349,0.549449672994098,0.6648972106939485,0.46816173972137276,0.9908569382066484,13778,6944,15652,752539
0.86,0.5550081416224792,0.7196297098310958,0.45168195718654436,0.993180887524803,13293,5179,16137,754304,0.5533745850919969,0.6969446738232865,0.4588515120625212,0.9922684247047004,13504,5872,15926,753611
0.87,0.5571532503102666,0.7523693943596856,0.4423717295276928,0.9943580040632904,13019,4285,16411,755198,0.5555882724098767,0.7290792669463457,0.4487937478763167,0.9935377092048143,13208,4908,16222,754575
0.88,0.5571735602438703,0.7856877783275606,0.4316343866802582,0.9954376858994869,12703,3465,16727,756018,0.5579469484580548,0.7636363636363637,0.4395514780835882,0.9947279925949626,12936,4004,16494,755479
0.89,0.5567781986060375,0.8177210190244224,0.4220863064899762,0.9963540987750877,12422,2769,17008,756714,0.5567074114188457,0.7964708114603757,0.42789670404349306,0.995762907135512,12593,3218,16837,756265
0.9,0.5559797892041427,0.8497449157872667,0.41314984709480124,0.9971691268928995,12159,2150,17271,757333,0.5562480242062955,0.8290926225094238,0.4185185185185185,0.9966569363632892,12317,2539,17113,756944
0.91,0.5540537396766314,0.8784950202877168,0.40462113489636425,0.9978314195314444,11908,1647,17522,757836,0.5555427703495731,0.8607288026813092,0.41012572205232756,0.9974285138706199,12070,1953,17360,757530
0.92,0.5501100409399626,0.9061354954393077,0.3949371389738362,0.9984147110600238,11623,1204,17807,758279,0.5520374707259953,0.8881688018085908,0.400475705062861,0.9980460392135176,11786,1484,17644,757999
0.93,0.5468175592878253,0.9335466404134876,0.38664627930682977,0.9989334850154644,11379,810,18051,758673,0.5488971026588768,0.9203518592562975,0.391063540604825,0.9986885815745711,11509,996,17921,758487
0.94,0.5429322429906542,0.9567678847143593,0.37900101936799185,0.999336390676289,11154,504,18276,758979,0.5448434288477814,0.9447379454926624,0.38280665987088003,0.9991323044755446,11266,659,18164,758824
0.95,0.5372187384728883,0.9722296395193591,0.3711518858307849,0.9995891942281789,10923,312,18507,759171,0.5401978065021543,0.9662813102119461,0.3748895684675501,0.9994930762110541,11033,385,18397,759098
0.96,0.5319180596200586,0.9845758354755784,0.36439007815154606,0.9997787968920964,10724,168,18706,759315,0.5342953152796995,0.9791704401376562,0.36738022426095823,0.9996971624117985,10812,230,18618,759253
0.97,0.5246131153278832,0.9927145425300407,0.3565069656812776,0.9998986152422108,10492,77,18938,759406,0.52763305496697,0.9904539073467478,0.3595990485898743,0.9998656981130585,10583,102,18847,759381
0.98,0.5126975311758469,0.997152395915161,0.34505606523955146,0.9999618161301833,10155,29,19275,759454,0.5181162153327802,0.9963253070302679,0.3500849473326538,0.9999499659636885,10303,38,19127,759445
0.99,0.4808774193548387,0.9996781115879828,0.3165817193340129,0.9999960499445018,9317,3,20113,759480,0.4928701262128466,0.9994808431107881,0.32708120965001697,0.9999934165741695,9626,5,19804,759478
