ensemble,alpha,auc_pr,roc_auc
C2 + LightGBM B,0.0,0.5543212888321933,0.8759800415550806
C2 + LightGBM B,0.05,0.5564847067230941,0.878266670535512
C2 + LightGBM B,0.1,0.5585539764210192,0.8802605429761028
C2 + LightGBM B,0.15,0.5604906034439323,0.8820021167229387
C2 + LightGBM B,0.2,0.5623353158939238,0.883527732314875
C2 + LightGBM B,0.25,0.5640324064988755,0.8848498360975601
C2 + LightGBM B,0.3,0.5656122598005845,0.8859919220193765
C2 + LightGBM B,0.35,0.5670709365547126,0.8869734815804647
C2 + LightGBM B,0.4,0.5683879559370771,0.8878016762036198
C2 + LightGBM B,0.45,0.5695764206541113,0.8884930723603477
C2 + LightGBM B,0.5,0.5706329906870071,0.8890540316884509
C2 + LightGBM B,0.55,0.571533275498898,0.8895016688820993
C2 + LightGBM B,0.6,0.5722950351346769,0.8898365645781502
C2 + LightGBM B,0.65,0.5729174485461433,0.8900675713747117
C2 + LightGBM B,0.7,0.5733966631873242,0.8902068706666336
C2 + LightGBM B,0.75,0.5736732621020798,0.8902516071862623
C2 + LightGBM B,0.8,0.5737822643893282,0.8902104982376805
C2 + LightGBM B,0.85,0.5736865392809346,0.890092022951115
C2 + LightGBM B,0.9,0.5733698645573863,0.8899028558318016
C2 + LightGBM B,0.95,0.5727832311232276,0.8896458782196803
C2 + LightGBM B,1.0,0.5717337534197571,0.8893237924719707
C2 + LightGBM B,0.74,0.5736304994884149,0.8902489259687343
C2 + LightGBM B,0.75,0.5736732621020798,0.8902516071862623
C2 + LightGBM B,0.76,0.5737050760003289,0.8902487350068554
C2 + LightGBM B,0.77,0.5737355801490263,0.8902440497465813
C2 + LightGBM B,0.78,0.573755860197041,0.890235269023424
C2 + LightGBM B,0.79,0.5737721032781938,0.8902250958992589
C2 + LightGBM B,0.8,0.5737822643893282,0.8902104982376805
C2 + LightGBM B,0.81,0.5737773929688015,0.8901943291923737
C2 + LightGBM B,0.82,0.5737633990019241,0.8901726060454758
C2 + LightGBM B,0.83,0.573749973813087,0.8901492769866868
C2 + LightGBM B,0.84,0.5737234609157759,0.8901219123608063
C2 + LightGBM B,0.85,0.5736865392809346,0.890092022951115
C2 + LightGBM B,0.86,0.5736388824819252,0.8900604839408367
C2 + Model C1,0.0,0.5765830853359013,0.8913069034003184
C2 + Model C1,0.05,0.577468023162807,0.891726117574203
C2 + Model C1,0.1,0.5779316836227989,0.8920993705356698
C2 + Model C1,0.15,0.5782952828203087,0.8924226809761688
C2 + Model C1,0.2,0.578507029476833,0.8926980247521913
C2 + Model C1,0.25,0.5786056271919788,0.8929241863314805
C2 + Model C1,0.3,0.5786939682898109,0.8930999551143751
C2 + Model C1,0.35,0.5786671139553013,0.8932200694316816
C2 + Model C1,0.4,0.5785157525024299,0.8932845779046905
C2 + Model C1,0.45,0.5783462804875011,0.8932909642054669
C2 + Model C1,0.5,0.5779733345604678,0.8932393234626224
C2 + Model C1,0.55,0.5777344308781722,0.8931317569614832
C2 + Model C1,0.6,0.5773034383739453,0.8929644666041588
C2 + Model C1,0.65,0.5768569550293384,0.8927344153216492
C2 + Model C1,0.7,0.5763211949819277,0.8924409012761993
C2 + Model C1,0.75,0.5757007946092733,0.8920871792756307
C2 + Model C1,0.8,0.5750783372234012,0.8916680799607362
C2 + Model C1,0.85,0.5743858706882082,0.8911811863601304
C2 + Model C1,0.9,0.5736112828484106,0.8906290408740345
C2 + Model C1,0.95,0.5728035688932314,0.8900097550233484
C2 + Model C1,1.0,0.5717337534197571,0.8893237924719707
C2 + Model C1,0.24,0.57864433523291,0.8928844993794747
C2 + Model C1,0.25,0.5786056272579241,0.8929241771709476
C2 + Model C1,0.26,0.5786729786126914,0.8929640015309477
C2 + Model C1,0.27,0.5786874982775909,0.8930019775772617
C2 + Model C1,0.28,0.5786901111410103,0.8930361400232445
C2 + Model C1,0.29,0.5786994408814434,0.8930687339041243
C2 + Model C1,0.3,0.5786939682898109,0.8930999551143751
C2 + Model C1,0.31,0.5787053901051417,0.8931283175336899
C2 + Model C1,0.32,0.5786950730886834,0.8931552290655176
C2 + Model C1,0.33,0.5786914758021378,0.8931782311637462
C2 + Model C1,0.34,0.578681123642129,0.8932008048308953
C2 + Model C1,0.35,0.5786671139553013,0.8932200694316816
C2 + Model C1,0.36,0.578645101101297,0.8932375188376319
C2 + LightGBM B + C1,0.09,0.5791293362536328,0.8925373243413373
C2 + LightGBM B + C1,0.18,0.5794429997354001,0.8930300694085266
C2 + LightGBM B + C1,0.27,0.5794520401038327,0.8933510206594637
C2 + LightGBM B + C1,0.36,0.5792222132096382,0.8934858411554315
C2 + LightGBM B + C1,0.45,0.5787519006614038,0.8934265415023871
C2 + LightGBM B + C1,0.54,0.5780508127729841,0.8931577094559768
C2 + LightGBM B + C1,0.63,0.5771699152296719,0.8926868467880273
C2 + LightGBM B + C1,0.72,0.576088514566997,0.8919912706096507
C2 + LightGBM B + C1,0.81,0.5748239916366469,0.8910636905459338
C2 + LightGBM B + C1,0.086,0.579143777969911,0.8926292326730455
C2 + LightGBM B + C1,0.172,0.5794019226271013,0.893084133464664
C2 + LightGBM B + C1,0.258,0.579382859464559,0.8933717361477379
C2 + LightGBM B + C1,0.344,0.5791478761575581,0.8934895349641779
C2 + LightGBM B + C1,0.43,0.5786747329791488,0.8934209578052282
C2 + LightGBM B + C1,0.516,0.5780344949213815,0.893162372871903
C2 + LightGBM B + C1,0.602,0.5771967001924808,0.8927081922391055
C2 + LightGBM B + C1,0.688,0.5761841009518541,0.8920420932464376
C2 + LightGBM B + C1,0.774,0.5750082918835089,0.8911635657226799
C2 + LightGBM B + C1,0.082,0.5789851018663944,0.8926714429995499
C2 + LightGBM B + C1,0.164,0.579182501756695,0.8930869943695687
C2 + LightGBM B + C1,0.246,0.5791378340391398,0.8933456920479147
C2 + LightGBM B + C1,0.328,0.578904875656402,0.8934459900184888
C2 + LightGBM B + C1,0.41,0.5784724860998243,0.893368886517335
C2 + LightGBM B + C1,0.492,0.5778512107160131,0.8931193564184992
C2 + LightGBM B + C1,0.574,0.5770677393208867,0.8926819762031255
C2 + LightGBM B + C1,0.656,0.5761199552310354,0.8920476135245224
C2 + LightGBM B + C1,0.738,0.5750245025734126,0.8912155566797454
