feature,mean_abs_shap,domain,meaning
wafer_die_count,0.09481793310318627,Spatial Context,how many dies this wafer carries
wafer_old_fail_rate,0.0835782819135426,Spatial Context,share of this wafer already failing before test
feature_312,0.07908488118446409,Die Parametric,die-level parametric test 312
feature_277,0.0750587471880798,Die Parametric,die-level parametric test 277
feature_163,0.07251360247524663,Die Parametric,die-level parametric test 163
feature_242,0.06996413459783112,Die Parametric,die-level parametric test 242
feature_472,0.06723847676968664,Die Parametric,die-level parametric test 472
feature_223,0.06603222403649117,Die Parametric,die-level parametric test 223
feature_65,0.06566672156023376,Die Parametric,die-level parametric test 65
feature_365,0.06558015920403688,Die Parametric,die-level parametric test 365
feature_113,0.06481186264578581,Die Parametric,die-level parametric test 113
feature_33,0.06321994677324654,Die Parametric,die-level parametric test 33
feature_295,0.06309162135482908,Die Parametric,die-level parametric test 295
feature_189,0.0628387977411579,Die Parametric,die-level parametric test 189
feature_286,0.06272935506246845,Die Parametric,die-level parametric test 286
feature_272,0.06256112105327814,Die Parametric,die-level parametric test 272
feature_236,0.06172928231272221,Die Parametric,die-level parametric test 236
feature_246,0.061374962603184056,Die Parametric,die-level parametric test 246
feature_495,0.06129914852192506,Die Parametric,die-level parametric test 495
feature_336,0.061170007711435506,Die Parametric,die-level parametric test 336
feature_183,0.0608252936852379,Die Parametric,die-level parametric test 183
feature_381,0.06030352535316601,Die Parametric,die-level parametric test 381
feature_433,0.05982344701939395,Die Parametric,die-level parametric test 433
feature_171,0.059634206798677515,Die Parametric,die-level parametric test 171
feature_209,0.059212499388851626,Die Parametric,die-level parametric test 209
feature_156,0.05916653518449886,Die Parametric,die-level parametric test 156
feature_178,0.05902340291612662,Die Parametric,die-level parametric test 178
feature_342,0.05827124472103638,Die Parametric,die-level parametric test 342
feature_446,0.05824638201389034,Die Parametric,die-level parametric test 446
feature_412,0.05809780728354579,Die Parametric,die-level parametric test 412
feature_284,0.05784763648646474,Die Parametric,die-level parametric test 284
feature_396,0.057640445582270834,Die Parametric,die-level parametric test 396
feature_245,0.05742042938803079,Die Parametric,die-level parametric test 245
feature_77,0.05720894504166,Die Parametric,die-level parametric test 77
feature_262,0.05706450306976019,Die Parametric,die-level parametric test 262
feature_436,0.056951806443820016,Die Parametric,die-level parametric test 436
feature_251,0.05667718885378902,Die Parametric,die-level parametric test 251
feature_231,0.05628950863307765,Die Parametric,die-level parametric test 231
feature_325,0.056178684366711286,Die Parametric,die-level parametric test 325
feature_385,0.05610458760492825,Die Parametric,die-level parametric test 385
feature_197,0.05582730750496055,Die Parametric,die-level parametric test 197
feature_447,0.055471254511813575,Die Parametric,die-level parametric test 447
feature_290,0.05527302257774242,Die Parametric,die-level parametric test 290
feature_159,0.05526882786655521,Die Parametric,die-level parametric test 159
feature_85,0.0550956123809662,Die Parametric,die-level parametric test 85
feature_454,0.055016660130313734,Die Parametric,die-level parametric test 454
feature_130,0.05467259083635267,Die Parametric,die-level parametric test 130
feature_126,0.05401806171186074,Die Parametric,die-level parametric test 126
feature_464,0.05318347605751474,Die Parametric,die-level parametric test 464
feature_271,0.05317101005923841,Die Parametric,die-level parametric test 271
feature_46,0.053157765011994235,Die Parametric,die-level parametric test 46
feature_13,0.05315525968235513,Die Parametric,die-level parametric test 13
feature_243,0.053136438606295716,Die Parametric,die-level parametric test 243
feature_169,0.053074472868759145,Die Parametric,die-level parametric test 169
feature_193,0.0527418850330907,Die Parametric,die-level parametric test 193
feature_387,0.0526066111854295,Die Parametric,die-level parametric test 387
feature_97,0.052440242579101334,Die Parametric,die-level parametric test 97
feature_225,0.05231514263634873,Die Parametric,die-level parametric test 225
feature_22,0.052184947048680055,Die Parametric,die-level parametric test 22
feature_115,0.05194588125208524,Die Parametric,die-level parametric test 115
wafer_old_fail_count,0.05167173169825397,Spatial Context,number of dies on this wafer already failing before test
feature_478,0.05160673597945816,Die Parametric,die-level parametric test 478
feature_474,0.05159731083266743,Die Parametric,die-level parametric test 474
feature_60,0.05148710255781996,Die Parametric,die-level parametric test 60
feature_298,0.051414613876134656,Die Parametric,die-level parametric test 298
feature_89,0.051377209233983,Die Parametric,die-level parametric test 89
feature_482,0.0508463248045779,Die Parametric,die-level parametric test 482
feature_100,0.05077731671539229,Die Parametric,die-level parametric test 100
feature_294,0.050499460560719835,Die Parametric,die-level parametric test 294
feature_218,0.05045947781423986,Die Parametric,die-level parametric test 218
radius,0.049975343986460606,Spatial Context,normalised distance from the wafer centre
feature_8,0.04994068284548918,Die Parametric,die-level parametric test 8
feature_31,0.04989299856707517,Die Parametric,die-level parametric test 31
feature_285,0.0498153799893353,Die Parametric,die-level parametric test 285
feature_132,0.04980494322297365,Die Parametric,die-level parametric test 132
feature_475,0.049763152648005404,Die Parametric,die-level parametric test 475
feature_399,0.04970503329860266,Die Parametric,die-level parametric test 399
feature_362,0.04965555778665413,Die Parametric,die-level parametric test 362
feature_202,0.049599097947766874,Die Parametric,die-level parametric test 202
feature_254,0.04950884488431088,Die Parametric,die-level parametric test 254
feature_3,0.04915210767005364,Die Parametric,die-level parametric test 3
feature_457,0.04908066434344604,Die Parametric,die-level parametric test 457
feature_255,0.048708867099893444,Die Parametric,die-level parametric test 255
feature_56,0.04862974281666432,Die Parametric,die-level parametric test 56
feature_448,0.04851398649041083,Die Parametric,die-level parametric test 448
feature_275,0.04791025146654416,Die Parametric,die-level parametric test 275
feature_440,0.047807362967487665,Die Parametric,die-level parametric test 440
feature_244,0.04775803473961498,Die Parametric,die-level parametric test 244
feature_195,0.0470841618430964,Die Parametric,die-level parametric test 195
feature_216,0.04696768080983312,Die Parametric,die-level parametric test 216
feature_233,0.04675247733023094,Die Parametric,die-level parametric test 233
feature_235,0.04655605278973525,Die Parametric,die-level parametric test 235
feature_340,0.04648218910193813,Die Parametric,die-level parametric test 340
feature_460,0.04578689027758629,Die Parametric,die-level parametric test 460
feature_258,0.04555117605675092,Die Parametric,die-level parametric test 258
feature_500,0.045450889031252634,Die Parametric,die-level parametric test 500
feature_269,0.045061232097919984,Die Parametric,die-level parametric test 269
feature_265,0.04505649850976785,Die Parametric,die-level parametric test 265
feature_58,0.044812197760286374,Die Parametric,die-level parametric test 58
feature_123,0.0447351309743655,Die Parametric,die-level parametric test 123
feature_238,0.044564190185318535,Die Parametric,die-level parametric test 238
feature_293,0.04455136670353069,Die Parametric,die-level parametric test 293
feature_282,0.04453077686550592,Die Parametric,die-level parametric test 282
feature_333,0.0444166260893864,Die Parametric,die-level parametric test 333
feature_349,0.04425228119604203,Die Parametric,die-level parametric test 349
feature_486,0.04410942769427766,Die Parametric,die-level parametric test 486
feature_43,0.04398907352956603,Die Parametric,die-level parametric test 43
feature_444,0.04381133936857929,Die Parametric,die-level parametric test 444
feature_229,0.04379480145627321,Die Parametric,die-level parametric test 229
feature_358,0.043702070797725624,Die Parametric,die-level parametric test 358
feature_146,0.04345777249291503,Die Parametric,die-level parametric test 146
feature_227,0.04344734025743596,Die Parametric,die-level parametric test 227
feature_441,0.04339562951875834,Die Parametric,die-level parametric test 441
feature_414,0.043314915238553665,Die Parametric,die-level parametric test 414
feature_411,0.043272749691232286,Die Parametric,die-level parametric test 411
feature_359,0.04324064239405205,Die Parametric,die-level parametric test 359
feature_389,0.043120588599878655,Die Parametric,die-level parametric test 389
feature_276,0.04311387541185582,Die Parametric,die-level parametric test 276
feature_20,0.04311111163241126,Die Parametric,die-level parametric test 20
feature_404,0.04294286829954397,Die Parametric,die-level parametric test 404
feature_320,0.042934661939233065,Die Parametric,die-level parametric test 320
feature_78,0.042749070292838344,Die Parametric,die-level parametric test 78
feature_348,0.042697058916856004,Die Parametric,die-level parametric test 348
feature_280,0.04258759809454595,Die Parametric,die-level parametric test 280
feature_191,0.042559065771924975,Die Parametric,die-level parametric test 191
feature_480,0.04221053475927924,Die Parametric,die-level parametric test 480
feature_153,0.042158309165709805,Die Parametric,die-level parametric test 153
feature_332,0.042127442814667335,Die Parametric,die-level parametric test 332
feature_118,0.04203393907750944,Die Parametric,die-level parametric test 118
feature_306,0.042013637158716845,Die Parametric,die-level parametric test 306
feature_496,0.04198825653127486,Die Parametric,die-level parametric test 496
feature_426,0.0414144158975539,Die Parametric,die-level parametric test 426
feature_81,0.04127329635144209,Die Parametric,die-level parametric test 81
feature_397,0.041006215276535266,Die Parametric,die-level parametric test 397
feature_442,0.04082168183640823,Die Parametric,die-level parametric test 442
feature_161,0.040809552417781336,Die Parametric,die-level parametric test 161
feature_17,0.04076168061313345,Die Parametric,die-level parametric test 17
feature_283,0.04068743741572299,Die Parametric,die-level parametric test 283
feature_37,0.04062375055445484,Die Parametric,die-level parametric test 37
feature_190,0.0405144582118609,Die Parametric,die-level parametric test 190
feature_71,0.040431162118839716,Die Parametric,die-level parametric test 71
feature_160,0.040225465304143254,Die Parametric,die-level parametric test 160
feature_88,0.04010419624139114,Die Parametric,die-level parametric test 88
feature_418,0.040024095069943595,Die Parametric,die-level parametric test 418
feature_248,0.03991219234703584,Die Parametric,die-level parametric test 248
feature_403,0.039899986671417365,Die Parametric,die-level parametric test 403
feature_392,0.03978340181845219,Die Parametric,die-level parametric test 392
feature_109,0.039718882900981536,Die Parametric,die-level parametric test 109
feature_34,0.03969294495150596,Die Parametric,die-level parametric test 34
feature_21,0.03950813576153532,Die Parametric,die-level parametric test 21
feature_264,0.03942665122593565,Die Parametric,die-level parametric test 264
feature_47,0.03939170196569512,Die Parametric,die-level parametric test 47
feature_41,0.03935756648648482,Die Parametric,die-level parametric test 41
feature_188,0.039318240059233955,Die Parametric,die-level parametric test 188
feature_185,0.039234697785526074,Die Parametric,die-level parametric test 185
feature_29,0.039213142513955135,Die Parametric,die-level parametric test 29
feature_364,0.0389645110927031,Die Parametric,die-level parametric test 364
feature_75,0.03889480470706103,Die Parametric,die-level parametric test 75
feature_351,0.03849525342687542,Die Parametric,die-level parametric test 351
feature_367,0.03842189615902979,Die Parametric,die-level parametric test 367
feature_308,0.038367448543315225,Die Parametric,die-level parametric test 308
feature_309,0.038339537042639746,Die Parametric,die-level parametric test 309
feature_91,0.03832655049855454,Die Parametric,die-level parametric test 91
feature_421,0.03815221855975694,Die Parametric,die-level parametric test 421
feature_395,0.03791159003382317,Die Parametric,die-level parametric test 395
feature_291,0.03788618261503061,Die Parametric,die-level parametric test 291
feature_379,0.03767146987966517,Die Parametric,die-level parametric test 379
feature_250,0.037525045062536073,Die Parametric,die-level parametric test 250
feature_466,0.03743931526707086,Die Parametric,die-level parametric test 466
feature_4,0.037170982723957406,Die Parametric,die-level parametric test 4
feature_497,0.03714369046119001,Die Parametric,die-level parametric test 497
feature_419,0.03709907661501754,Die Parametric,die-level parametric test 419
feature_316,0.03709303597448984,Die Parametric,die-level parametric test 316
feature_331,0.03706699585474966,Die Parametric,die-level parametric test 331
feature_299,0.03700723037260754,Die Parametric,die-level parametric test 299
feature_310,0.036930295528325385,Die Parametric,die-level parametric test 310
feature_133,0.03655984867617666,Die Parametric,die-level parametric test 133
feature_176,0.03635295128828388,Die Parametric,die-level parametric test 176
old_fail_density_5x5,0.0362726828810568,Spatial Context,density of pre-existing failures in the 5x5 neighbourhood
feature_345,0.036256779910804365,Die Parametric,die-level parametric test 345
feature_263,0.036206063550497436,Die Parametric,die-level parametric test 263
feature_1,0.03613421695750539,Die Parametric,die-level parametric test 1
feature_253,0.03613327075217893,Die Parametric,die-level parametric test 253
feature_328,0.036012640124541674,Die Parametric,die-level parametric test 328
feature_485,0.035816530727547924,Die Parametric,die-level parametric test 485
feature_198,0.03576965220916297,Die Parametric,die-level parametric test 198
feature_136,0.03564290513395445,Die Parametric,die-level parametric test 136
feature_337,0.0356116336582464,Die Parametric,die-level parametric test 337
feature_82,0.03531495661372359,Die Parametric,die-level parametric test 82
feature_237,0.03504110160381329,Die Parametric,die-level parametric test 237
feature_425,0.03489132714157305,Die Parametric,die-level parametric test 425
feature_467,0.03477756310826747,Die Parametric,die-level parametric test 467
feature_28,0.03473542110243598,Die Parametric,die-level parametric test 28
feature_168,0.0346341998437192,Die Parametric,die-level parametric test 168
feature_456,0.03461990683787964,Die Parametric,die-level parametric test 456
feature_380,0.03446205954289008,Die Parametric,die-level parametric test 380
feature_439,0.03439780931690113,Die Parametric,die-level parametric test 439
feature_154,0.0343348405713991,Die Parametric,die-level parametric test 154
feature_173,0.03422487244485572,Die Parametric,die-level parametric test 173
feature_121,0.03418902136912525,Die Parametric,die-level parametric test 121
feature_39,0.034099770072919644,Die Parametric,die-level parametric test 39
feature_409,0.03294388853385195,Die Parametric,die-level parametric test 409
feature_449,0.032928518510605145,Die Parametric,die-level parametric test 449
feature_257,0.03268675550155108,Die Parametric,die-level parametric test 257
feature_473,0.032647067622176125,Die Parametric,die-level parametric test 473
feature_32,0.03263026678618317,Die Parametric,die-level parametric test 32
feature_138,0.03259492480375972,Die Parametric,die-level parametric test 138
feature_373,0.032203933040462714,Die Parametric,die-level parametric test 373
feature_431,0.03217692014233326,Die Parametric,die-level parametric test 431
feature_335,0.032112776128438436,Die Parametric,die-level parametric test 335
feature_270,0.03198800949898711,Die Parametric,die-level parametric test 270
feature_205,0.031863071077830936,Die Parametric,die-level parametric test 205
feature_166,0.03135088622044273,Die Parametric,die-level parametric test 166
feature_204,0.03128582082787221,Die Parametric,die-level parametric test 204
feature_461,0.03111806188425876,Die Parametric,die-level parametric test 461
feature_149,0.031092010631836833,Die Parametric,die-level parametric test 149
feature_26,0.031041510162203707,Die Parametric,die-level parametric test 26
feature_212,0.03085206931131376,Die Parametric,die-level parametric test 212
feature_368,0.030684722928180495,Die Parametric,die-level parametric test 368
feature_346,0.030632039051342277,Die Parametric,die-level parametric test 346
feature_311,0.03060872684267234,Die Parametric,die-level parametric test 311
feature_24,0.030481402610294285,Die Parametric,die-level parametric test 24
feature_174,0.03038583336185219,Die Parametric,die-level parametric test 174
feature_350,0.03015024580105665,Die Parametric,die-level parametric test 350
feature_207,0.030102083873377594,Die Parametric,die-level parametric test 207
feature_315,0.03007003915622142,Die Parametric,die-level parametric test 315
feature_459,0.03002756817937198,Die Parametric,die-level parametric test 459
feature_196,0.029894740713809542,Die Parametric,die-level parametric test 196
feature_455,0.029825896080489044,Die Parametric,die-level parametric test 455
feature_79,0.02980245668988646,Die Parametric,die-level parametric test 79
feature_83,0.029699587924933095,Die Parametric,die-level parametric test 83
feature_211,0.029407565837846497,Die Parametric,die-level parametric test 211
feature_370,0.02908109160420459,Die Parametric,die-level parametric test 370
feature_127,0.028998802691614513,Die Parametric,die-level parametric test 127
feature_69,0.02880077274579076,Die Parametric,die-level parametric test 69
feature_208,0.028733794650697902,Die Parametric,die-level parametric test 208
feature_76,0.028718186330546618,Die Parametric,die-level parametric test 76
feature_476,0.028531667181181174,Die Parametric,die-level parametric test 476
feature_220,0.028398826421804045,Die Parametric,die-level parametric test 220
feature_99,0.02795118260880802,Die Parametric,die-level parametric test 99
distance_to_edge,0.02792739253058268,Spatial Context,distance from the wafer edge
feature_221,0.027818689001355392,Die Parametric,die-level parametric test 221
feature_35,0.02774880826311306,Die Parametric,die-level parametric test 35
feature_401,0.027675152499319705,Die Parametric,die-level parametric test 401
feature_80,0.02743445151323242,Die Parametric,die-level parametric test 80
feature_422,0.027340764522895036,Die Parametric,die-level parametric test 422
feature_164,0.027127469855690853,Die Parametric,die-level parametric test 164
feature_400,0.02710754339679611,Die Parametric,die-level parametric test 400
feature_356,0.027070820503481228,Die Parametric,die-level parametric test 356
feature_471,0.027034423291491347,Die Parametric,die-level parametric test 471
feature_40,0.02696288978485314,Die Parametric,die-level parametric test 40
feature_386,0.02655705382531577,Die Parametric,die-level parametric test 386
feature_260,0.026133213877870896,Die Parametric,die-level parametric test 260
feature_62,0.02586670538920084,Die Parametric,die-level parametric test 62
feature_239,0.025859481648798324,Die Parametric,die-level parametric test 239
feature_445,0.025571205594425234,Die Parametric,die-level parametric test 445
feature_57,0.025436306019792142,Die Parametric,die-level parametric test 57
feature_402,0.025259774761082963,Die Parametric,die-level parametric test 402
feature_375,0.025228198499396937,Die Parametric,die-level parametric test 375
feature_326,0.02518034394059558,Die Parametric,die-level parametric test 326
feature_408,0.02505356607044762,Die Parametric,die-level parametric test 408
feature_184,0.025046993451454246,Die Parametric,die-level parametric test 184
feature_210,0.024952574794551874,Die Parametric,die-level parametric test 210
feature_170,0.024866750303846764,Die Parametric,die-level parametric test 170
feature_186,0.024786492088745275,Die Parametric,die-level parametric test 186
feature_479,0.02473645572868711,Die Parametric,die-level parametric test 479
feature_327,0.024606267487240353,Die Parametric,die-level parametric test 327
feature_427,0.024435670517667245,Die Parametric,die-level parametric test 427
feature_114,0.02439257740594413,Die Parametric,die-level parametric test 114
feature_64,0.024368160768460996,Die Parametric,die-level parametric test 64
feature_341,0.024329649692727863,Die Parametric,die-level parametric test 341
feature_125,0.024288652814410925,Die Parametric,die-level parametric test 125
feature_288,0.02418085687226184,Die Parametric,die-level parametric test 288
feature_317,0.024011568900690033,Die Parametric,die-level parametric test 317
feature_5,0.02395940157405197,Die Parametric,die-level parametric test 5
feature_390,0.02380456054019598,Die Parametric,die-level parametric test 390
feature_162,0.02377989592277607,Die Parametric,die-level parametric test 162
feature_27,0.023770957375847324,Die Parametric,die-level parametric test 27
feature_152,0.02358938356605835,Die Parametric,die-level parametric test 152
feature_369,0.02352121784113512,Die Parametric,die-level parametric test 369
feature_9,0.02341170558716185,Die Parametric,die-level parametric test 9
feature_432,0.02329912630804018,Die Parametric,die-level parametric test 432
feature_302,0.02309582201505781,Die Parametric,die-level parametric test 302
feature_424,0.02301575961270238,Die Parametric,die-level parametric test 424
feature_30,0.022547994545922455,Die Parametric,die-level parametric test 30
feature_105,0.022547130839412483,Die Parametric,die-level parametric test 105
feature_137,0.022500728257965712,Die Parametric,die-level parametric test 137
feature_67,0.02238504377499742,Die Parametric,die-level parametric test 67
feature_443,0.02236822688908103,Die Parametric,die-level parametric test 443
feature_324,0.022162915788024276,Die Parametric,die-level parametric test 324
feature_483,0.022137933641359176,Die Parametric,die-level parametric test 483
feature_129,0.02200343567733701,Die Parametric,die-level parametric test 129
feature_274,0.021922759561706206,Die Parametric,die-level parametric test 274
feature_321,0.02178285878277867,Die Parametric,die-level parametric test 321
feature_303,0.02146363207617517,Die Parametric,die-level parametric test 303
feature_222,0.021339544074991945,Die Parametric,die-level parametric test 222
feature_16,0.021282477166910747,Die Parametric,die-level parametric test 16
feature_147,0.02116856318541103,Die Parametric,die-level parametric test 147
feature_462,0.020991905630170792,Die Parametric,die-level parametric test 462
feature_140,0.02088797639879512,Die Parametric,die-level parametric test 140
feature_200,0.02071745142183121,Die Parametric,die-level parametric test 200
feature_347,0.02021536225620649,Die Parametric,die-level parametric test 347
feature_226,0.020194616172441945,Die Parametric,die-level parametric test 226
feature_377,0.020192823337570994,Die Parametric,die-level parametric test 377
feature_434,0.020185877650505887,Die Parametric,die-level parametric test 434
feature_487,0.02008416785123579,Die Parametric,die-level parametric test 487
feature_259,0.020078518355217012,Die Parametric,die-level parametric test 259
feature_415,0.020013218507930673,Die Parametric,die-level parametric test 415
feature_180,0.020000883420662967,Die Parametric,die-level parametric test 180
feature_38,0.01973975950286753,Die Parametric,die-level parametric test 38
feature_355,0.019736611613499367,Die Parametric,die-level parametric test 355
feature_256,0.019673564308945943,Die Parametric,die-level parametric test 256
feature_334,0.01955804600075618,Die Parametric,die-level parametric test 334
feature_493,0.019488443385110597,Die Parametric,die-level parametric test 493
feature_430,0.019424834728505917,Die Parametric,die-level parametric test 430
feature_240,0.019380660270135422,Die Parametric,die-level parametric test 240
feature_73,0.019366855990107436,Die Parametric,die-level parametric test 73
feature_343,0.019122256916678064,Die Parametric,die-level parametric test 343
feature_96,0.019051343010369943,Die Parametric,die-level parametric test 96
feature_297,0.018951137248347853,Die Parametric,die-level parametric test 297
feature_481,0.018804660936572935,Die Parametric,die-level parametric test 481
feature_86,0.018728376006149555,Die Parametric,die-level parametric test 86
feature_181,0.018694843237611853,Die Parametric,die-level parametric test 181
feature_52,0.0185379587822698,Die Parametric,die-level parametric test 52
feature_382,0.018348872565439937,Die Parametric,die-level parametric test 382
feature_134,0.01815380443785504,Die Parametric,die-level parametric test 134
feature_410,0.018022626916321654,Die Parametric,die-level parametric test 410
feature_2,0.017795735562430436,Die Parametric,die-level parametric test 2
feature_228,0.017525722471158595,Die Parametric,die-level parametric test 228
feature_372,0.01749372098992122,Die Parametric,die-level parametric test 372
feature_292,0.017203805440960406,Die Parametric,die-level parametric test 292
feature_116,0.016981123350443356,Die Parametric,die-level parametric test 116
feature_36,0.0169664785507704,Die Parametric,die-level parametric test 36
feature_131,0.016877623926297478,Die Parametric,die-level parametric test 131
feature_74,0.016863113025089898,Die Parametric,die-level parametric test 74
feature_329,0.016714267490668733,Die Parametric,die-level parametric test 329
feature_498,0.016712931397274852,Die Parametric,die-level parametric test 498
feature_141,0.01667326972971985,Die Parametric,die-level parametric test 141
feature_489,0.016664759255387736,Die Parametric,die-level parametric test 489
feature_182,0.016557725553226914,Die Parametric,die-level parametric test 182
feature_361,0.016447326078645592,Die Parametric,die-level parametric test 361
feature_90,0.016244755388250483,Die Parametric,die-level parametric test 90
feature_111,0.016186542275753616,Die Parametric,die-level parametric test 111
feature_252,0.01612900219606298,Die Parametric,die-level parametric test 252
feature_95,0.015849444261723165,Die Parametric,die-level parametric test 95
feature_278,0.015767394348037492,Die Parametric,die-level parametric test 278
feature_435,0.015672868338095777,Die Parametric,die-level parametric test 435
feature_7,0.01566416682491004,Die Parametric,die-level parametric test 7
feature_458,0.015615349892330948,Die Parametric,die-level parametric test 458
feature_70,0.015459796947751996,Die Parametric,die-level parametric test 70
feature_437,0.015376206560370132,Die Parametric,die-level parametric test 437
feature_420,0.015316161314641709,Die Parametric,die-level parametric test 420
feature_428,0.015123529691927545,Die Parametric,die-level parametric test 428
feature_187,0.015075007808958134,Die Parametric,die-level parametric test 187
feature_490,0.015039064125354058,Die Parametric,die-level parametric test 490
feature_94,0.014982839509572115,Die Parametric,die-level parametric test 94
feature_488,0.014850044991052223,Die Parametric,die-level parametric test 488
feature_416,0.014828168702179257,Die Parametric,die-level parametric test 416
feature_199,0.014755130361125905,Die Parametric,die-level parametric test 199
feature_371,0.01466257158869017,Die Parametric,die-level parametric test 371
feature_151,0.014529203680110356,Die Parametric,die-level parametric test 151
feature_51,0.014413303225070518,Die Parametric,die-level parametric test 51
feature_6,0.014395513334805892,Die Parametric,die-level parametric test 6
feature_48,0.014302886456811149,Die Parametric,die-level parametric test 48
feature_135,0.01408600841258954,Die Parametric,die-level parametric test 135
feature_63,0.013973909771224643,Die Parametric,die-level parametric test 63
feature_261,0.013655816467218834,Die Parametric,die-level parametric test 261
feature_19,0.013647799738244296,Die Parametric,die-level parametric test 19
feature_279,0.013419061850409945,Die Parametric,die-level parametric test 279
feature_106,0.01310253152912462,Die Parametric,die-level parametric test 106
feature_214,0.013102031851559316,Die Parametric,die-level parametric test 214
feature_42,0.013069922234915706,Die Parametric,die-level parametric test 42
feature_148,0.012968721550192944,Die Parametric,die-level parametric test 148
feature_406,0.012866989480038307,Die Parametric,die-level parametric test 406
feature_54,0.012769458075033697,Die Parametric,die-level parametric test 54
feature_10,0.012676018796364933,Die Parametric,die-level parametric test 10
feature_219,0.012601029759489235,Die Parametric,die-level parametric test 219
feature_366,0.012577549839021304,Die Parametric,die-level parametric test 366
feature_206,0.012497595727891529,Die Parametric,die-level parametric test 206
feature_215,0.012373267350857677,Die Parametric,die-level parametric test 215
feature_104,0.012331437640769286,Die Parametric,die-level parametric test 104
feature_18,0.012159965834545289,Die Parametric,die-level parametric test 18
feature_492,0.012145609594157454,Die Parametric,die-level parametric test 492
feature_139,0.0119480827246358,Die Parametric,die-level parametric test 139
feature_84,0.011944607808020964,Die Parametric,die-level parametric test 84
feature_393,0.01155741239507456,Die Parametric,die-level parametric test 393
feature_352,0.011373163977541224,Die Parametric,die-level parametric test 352
feature_300,0.011328429807571021,Die Parametric,die-level parametric test 300
feature_172,0.011279705520410807,Die Parametric,die-level parametric test 172
feature_224,0.011163060032092621,Die Parametric,die-level parametric test 224
feature_108,0.011141600977868534,Die Parametric,die-level parametric test 108
feature_230,0.010980673543491146,Die Parametric,die-level parametric test 230
feature_429,0.010937920016420822,Die Parametric,die-level parametric test 429
feature_165,0.010900773422607403,Die Parametric,die-level parametric test 165
feature_499,0.010884594776374905,Die Parametric,die-level parametric test 499
feature_438,0.010858242365198379,Die Parametric,die-level parametric test 438
feature_296,0.010853603869076115,Die Parametric,die-level parametric test 296
feature_323,0.01084871785761662,Die Parametric,die-level parametric test 323
feature_87,0.01084746021982832,Die Parametric,die-level parametric test 87
feature_318,0.010832959793568289,Die Parametric,die-level parametric test 318
feature_145,0.01063709369509394,Die Parametric,die-level parametric test 145
feature_102,0.010610625120695705,Die Parametric,die-level parametric test 102
feature_391,0.010563003402361344,Die Parametric,die-level parametric test 391
feature_241,0.010317010623829895,Die Parametric,die-level parametric test 241
feature_374,0.010269877478357123,Die Parametric,die-level parametric test 374
feature_394,0.010075864737491768,Die Parametric,die-level parametric test 394
feature_203,0.009962504326061192,Die Parametric,die-level parametric test 203
feature_491,0.009900107581207874,Die Parametric,die-level parametric test 491
feature_155,0.00988238590021941,Die Parametric,die-level parametric test 155
feature_124,0.009815773060879746,Die Parametric,die-level parametric test 124
feature_407,0.009541061508696857,Die Parametric,die-level parametric test 407
feature_268,0.009418614992634078,Die Parametric,die-level parametric test 268
feature_465,0.009412543282506297,Die Parametric,die-level parametric test 465
feature_14,0.009312499129304303,Die Parametric,die-level parametric test 14
feature_128,0.009220114702832363,Die Parametric,die-level parametric test 128
feature_213,0.009204934355757456,Die Parametric,die-level parametric test 213
feature_194,0.008897169637741908,Die Parametric,die-level parametric test 194
feature_360,0.008890976209585112,Die Parametric,die-level parametric test 360
feature_53,0.008825136962164385,Die Parametric,die-level parametric test 53
feature_61,0.008809141788172412,Die Parametric,die-level parametric test 61
feature_354,0.008792400474666728,Die Parametric,die-level parametric test 354
feature_453,0.008766129137746667,Die Parametric,die-level parametric test 453
feature_417,0.008683903823676689,Die Parametric,die-level parametric test 417
feature_378,0.008650018807332648,Die Parametric,die-level parametric test 378
radius_squared,0.008615604577511657,Spatial Context,squared normalised distance from the wafer centre
feature_314,0.008535958470102117,Die Parametric,die-level parametric test 314
feature_287,0.008418473374637353,Die Parametric,die-level parametric test 287
feature_234,0.00839564592068954,Die Parametric,die-level parametric test 234
feature_143,0.008367322659741508,Die Parametric,die-level parametric test 143
feature_68,0.008339040776622293,Die Parametric,die-level parametric test 68
feature_142,0.008286112187102668,Die Parametric,die-level parametric test 142
feature_107,0.00817619974169719,Die Parametric,die-level parametric test 107
feature_384,0.00809633224628747,Die Parametric,die-level parametric test 384
feature_122,0.00807649617700256,Die Parametric,die-level parametric test 122
feature_405,0.008068407610062252,Die Parametric,die-level parametric test 405
feature_55,0.007778073982341271,Die Parametric,die-level parametric test 55
feature_344,0.0075335897508095676,Die Parametric,die-level parametric test 344
feature_44,0.007336047724911567,Die Parametric,die-level parametric test 44
feature_307,0.007235335312619347,Die Parametric,die-level parametric test 307
feature_158,0.007231258755855841,Die Parametric,die-level parametric test 158
feature_273,0.007197507726332725,Die Parametric,die-level parametric test 273
feature_119,0.006887279977594736,Die Parametric,die-level parametric test 119
feature_93,0.006782321859263005,Die Parametric,die-level parametric test 93
feature_101,0.0067678604659123865,Die Parametric,die-level parametric test 101
feature_201,0.006710376474271411,Die Parametric,die-level parametric test 201
feature_363,0.006709271245515891,Die Parametric,die-level parametric test 363
feature_470,0.006624906249556994,Die Parametric,die-level parametric test 470
feature_217,0.0066023900080066445,Die Parametric,die-level parametric test 217
feature_484,0.006569982844016114,Die Parametric,die-level parametric test 484
feature_110,0.006561217361201139,Die Parametric,die-level parametric test 110
feature_388,0.006384175420292736,Die Parametric,die-level parametric test 388
feature_72,0.006262613521613246,Die Parametric,die-level parametric test 72
feature_338,0.006229308965010771,Die Parametric,die-level parametric test 338
feature_59,0.006222321356106798,Die Parametric,die-level parametric test 59
feature_330,0.006157043509103524,Die Parametric,die-level parametric test 330
feature_117,0.005846464672335666,Die Parametric,die-level parametric test 117
feature_383,0.0058205554882031435,Die Parametric,die-level parametric test 383
old_fail_density_7x7,0.005809393702666616,Spatial Context,density of pre-existing failures in the 7x7 neighbourhood
feature_232,0.00580540518134818,Die Parametric,die-level parametric test 232
feature_494,0.005658133617237333,Die Parametric,die-level parametric test 494
feature_450,0.005647098424569615,Die Parametric,die-level parametric test 450
feature_353,0.005626374418787021,Die Parametric,die-level parametric test 353
feature_49,0.005625898901884371,Die Parametric,die-level parametric test 49
feature_304,0.00547231749088073,Die Parametric,die-level parametric test 304
feature_150,0.005426479493230299,Die Parametric,die-level parametric test 150
feature_267,0.005413273997962819,Die Parametric,die-level parametric test 267
feature_167,0.00538422504943142,Die Parametric,die-level parametric test 167
feature_413,0.005147347764669326,Die Parametric,die-level parametric test 413
feature_98,0.005137551722126847,Die Parametric,die-level parametric test 98
old_fail_density_11x11,0.005125535073969247,Spatial Context,density of pre-existing failures in the 11x11 neighbourhood
feature_339,0.0051089447117230674,Die Parametric,die-level parametric test 339
feature_313,0.004821708622915614,Die Parametric,die-level parametric test 313
feature_468,0.004798973729123111,Die Parametric,die-level parametric test 468
distance_to_nearest_old_failure,0.004767534603466228,Spatial Context,distance to the nearest pre-existing failure
feature_23,0.0047419172508824745,Die Parametric,die-level parametric test 23
feature_451,0.004723520166469348,Die Parametric,die-level parametric test 451
feature_376,0.004668281700921625,Die Parametric,die-level parametric test 376
old_fail_density_9x9,0.0045254628581551035,Spatial Context,density of pre-existing failures in the 9x9 neighbourhood
feature_247,0.004525043520924429,Die Parametric,die-level parametric test 247
feature_266,0.004364257363966906,Die Parametric,die-level parametric test 266
feature_301,0.004222360454980328,Die Parametric,die-level parametric test 301
feature_11,0.004081185804718296,Die Parametric,die-level parametric test 11
feature_12,0.004073034973457049,Die Parametric,die-level parametric test 12
feature_50,0.0040567404258874925,Die Parametric,die-level parametric test 50
feature_120,0.003998822298131295,Die Parametric,die-level parametric test 120
feature_144,0.0039933649104446425,Die Parametric,die-level parametric test 144
feature_281,0.0039345022463714956,Die Parametric,die-level parametric test 281
feature_452,0.003807769532467194,Die Parametric,die-level parametric test 452
feature_477,0.003795323873351846,Die Parametric,die-level parametric test 477
feature_45,0.0036839097087515943,Die Parametric,die-level parametric test 45
feature_398,0.0035901346830645433,Die Parametric,die-level parametric test 398
feature_66,0.003533520265665431,Die Parametric,die-level parametric test 66
feature_322,0.0031836586543377526,Die Parametric,die-level parametric test 322
normalized_col,0.0031732540225367233,Spatial Context,horizontal position on the wafer
feature_305,0.003089589822051301,Die Parametric,die-level parametric test 305
feature_249,0.003044743909077388,Die Parametric,die-level parametric test 249
feature_289,0.002988383137444459,Die Parametric,die-level parametric test 289
feature_463,0.002988164032787996,Die Parametric,die-level parametric test 463
feature_175,0.002937629319347883,Die Parametric,die-level parametric test 175
feature_179,0.002933347397518778,Die Parametric,die-level parametric test 179
feature_469,0.0028555195344726197,Die Parametric,die-level parametric test 469
feature_15,0.0028490529928921317,Die Parametric,die-level parametric test 15
feature_112,0.002812134632464234,Die Parametric,die-level parametric test 112
feature_177,0.0026085052033431194,Die Parametric,die-level parametric test 177
feature_25,0.0025924710312634773,Die Parametric,die-level parametric test 25
feature_423,0.0025762332337413113,Die Parametric,die-level parametric test 423
feature_357,0.0024072734453389542,Die Parametric,die-level parametric test 357
feature_192,0.002308624949261559,Die Parametric,die-level parametric test 192
feature_92,0.0020014353584011982,Die Parametric,die-level parametric test 92
feature_319,0.0019850711988796503,Die Parametric,die-level parametric test 319
normalized_row,0.0018145316035088723,Spatial Context,vertical position on the wafer
feature_157,0.0016553548300126764,Die Parametric,die-level parametric test 157
feature_103,0.0016480689494147063,Die Parametric,die-level parametric test 103
old_fail_count_9x9,0.001461068346845719,Spatial Context,count of pre-existing failures in the 9x9 neighbourhood
old_fail_density_3x3,0.0012827022964789238,Spatial Context,density of pre-existing failures in the 3x3 neighbourhood
old_fail_count_11x11,0.000798993346806394,Spatial Context,count of pre-existing failures in the 11x11 neighbourhood
old_fail_count_5x5,2.2635709361320246e-05,Spatial Context,count of pre-existing failures in the 5x5 neighbourhood
old_fail_count_3x3,0.0,Spatial Context,count of pre-existing failures in the 3x3 neighbourhood
old_fail_count_7x7,0.0,Spatial Context,count of pre-existing failures in the 7x7 neighbourhood
