model_name,auc_pr,roc_auc,f1,threshold,precision,recall,specificity,accuracy,true_positives,false_positives,true_negatives,false_negatives,brier_score
Engine 1: CatBoost-Deep,0.61915,0.91385,0.57934,0.2802,0.74029,0.47587,0.99322,0.97304,2554,896,131313,2813,0.0214
Engine 2: LightGBM-DART,0.61133,0.90454,0.58043,0.29841,0.76235,0.4686,0.99407,0.97357,2515,784,131425,2852,0.02291
Engine 3: LightGBM-Focal,0.61645,0.91219,0.58373,0.5202,0.7304,0.48612,0.99272,0.97295,2609,963,131246,2758,0.02459
Engine 4: XGBoost-Deep,0.61585,0.91257,0.58154,0.28982,0.75885,0.4714,0.99392,0.97353,2530,804,131405,2837,0.02148
Engine 5: CatBoost-Recall,0.60951,0.91286,0.57631,0.91878,0.76503,0.46227,0.99424,0.97348,2481,762,131447,2886,0.09885
Model E: Simple Consensus (Mean),0.61771,0.91341,0.58303,0.4567,0.74514,0.47885,0.99335,0.97328,2570,879,131330,2797,0.02623
Model E: Top-3 Blend (CB+DART+XGB),0.61763,0.91164,0.58244,0.28871,0.75377,0.47457,0.99371,0.97345,2547,832,131377,2820,0.02155
Model E: Optimal Convex Blend,0.61931,0.914,0.58081,0.29691,0.72132,0.48612,0.99238,0.97263,2609,1008,131201,2758,0.02141
Champion Baseline (0.63 C1 + 0.27 C2 + 0.10 B),0.57945,0.89335,0.55567,0.8933,0.75303,0.44028,0.99414,0.97253,2363,775,131434,3004,0.1368
Champion with Model E (0.63 C1 + 0.27 C2 + 0.10 E),0.58826,0.89452,0.56786,0.85166,0.7852,0.44475,0.99506,0.97359,2387,653,131556,2980,0.12381
Optimal Tri-Hybrid (C1 + C2 + Model E),0.61931,0.914,0.58081,0.29691,0.72132,0.48612,0.99238,0.97263,2609,1008,131201,2758,0.02141
Optimal Quad-Hybrid (C1 + C2 + B + Model E),0.61957,0.91348,0.58068,0.30547,0.71726,0.4878,0.99219,0.97252,2618,1032,131177,2749,0.0215
