alpha,auc_pr,roc_auc
0.0,0.5543212888321933,0.8759800415550806
0.01,0.5549526587075746,0.8764314035623563
0.02,0.555565414690784,0.8768746169232478
0.03,0.5561733132904165,0.8773112206072903
0.04,0.5567811732129502,0.8777386933539543
0.05,0.5573670057787803,0.8781581520436028
0.06,0.5579542618979074,0.8785709263628262
0.07,0.5585330368975581,0.8789765364406289
0.08,0.5591025837315804,0.8793742416831553
0.09,0.5596610506082815,0.8797647763423537
0.1,0.5602096067306059,0.8801495032236639
0.11,0.5607540908820965,0.8805249314593775
0.12,0.5612899128330715,0.8808945075238508
0.13,0.5618183502896692,0.8812557827361619
0.14,0.5623364060859861,0.8816121049187744
0.15,0.562843407010031,0.8819604151583409
0.16,0.5633363463317146,0.8823002103302052
0.17,0.5638234782009808,0.8826355041571111
0.18,0.5643054793923882,0.8829654299117103
0.19,0.5647776365753069,0.8832855398029292
0.2,0.5652331067829083,0.8836007015970443
0.21,0.5656935383102214,0.8839094679298501
0.22,0.5661420746253544,0.8842094133740845
0.23,0.566579125118129,0.8845035045331102
0.24,0.5670142472246392,0.8847913658250757
0.25,0.5674254670484803,0.8850713511726765
0.26,0.5678300275660818,0.8853457147716733
0.27,0.5682222893731358,0.8856123715438373
0.28,0.5686094630338902,0.8858753366212234
0.29,0.5689927927051883,0.8861309986398821
0.3,0.5693658470951146,0.8863816005210725
0.31,0.5697261534755483,0.886623309638741
0.32,0.5700888508476764,0.8868605026136671
0.33,0.5704328695085992,0.887090448902376
0.34,0.5707691353681644,0.8873132894361442
0.35000000000000003,0.5710949826613888,0.8875318710267482
0.36,0.5714059028528806,0.8877445144780343
0.37,0.5717129780342561,0.887949640655053
0.38,0.5720097595223138,0.8881472861999363
0.39,0.5722889861487345,0.8883408574216276
0.4,0.5725699696099531,0.8885261869822928
0.41000000000000003,0.5728355028938512,0.8887057397699506
0.42,0.5730819347825019,0.8888790767836761
0.43,0.5733197511915031,0.8890460253826558
0.44,0.5735524077599339,0.8892066109345199
0.45,0.5737768339844094,0.8893623301294201
0.46,0.5739926845366118,0.8895119286789993
0.47000000000000003,0.5741974838929036,0.889654868225783
0.48,0.5743973623663114,0.889794019539865
0.49,0.574589224603021,0.8899254971459634
0.5,0.5747734070993518,0.890051958303289
0.51,0.574948350757981,0.8901712136444678
0.52,0.5751134382246298,0.8902838438063571
0.53,0.5752583597790774,0.8903903970116211
0.54,0.5754013269781632,0.8904924594417721
0.55,0.5755300817736885,0.8905878586411891
0.56,0.5756440875789988,0.8906771428325364
0.5700000000000001,0.5757570512756233,0.8907606558881271
0.58,0.5758574338277392,0.8908393927827709
0.59,0.5759500802384319,0.890910846349066
0.6,0.5760413012050818,0.8909784708125896
0.61,0.5761203497496068,0.8910384441171334
0.62,0.5761839330278532,0.8910934115427503
0.63,0.576240405848855,0.8911405460080417
0.6300000000000001,0.576240405848855,0.8911405460080417
0.6310000000000001,0.5762436184127929,0.8911451896935891
0.6320000000000001,0.5762488535152218,0.891149171002139
0.6330000000000001,0.5762569363010713,0.89115376536174
0.6340000000000001,0.5762630492530344,0.891158145505801
0.6350000000000001,0.5762678846785648,0.891162897708431
0.6360000000000001,0.5762715390929277,0.8911670749114546
0.6370000000000001,0.5762766349138619,0.8911712831193589
0.6380000000000001,0.5762842084973799,0.8911752122833366
0.6390000000000001,0.5762871224994174,0.8911795360548874
0.64,0.5762941488564273,0.8911840035763395
0.6400000000000001,0.5762941488564273,0.8911840035763399
0.6410000000000001,0.5762964678477432,0.8911879764290129
0.6420000000000001,0.5763002936153316,0.8911921874555429
0.6430000000000001,0.5763021991829467,0.8911957445609516
0.6440000000000001,0.57630796045373,0.8911998823032179
0.6450000000000001,0.576314935053932,0.891203343575359
0.6460000000000001,0.5763175231229379,0.891207014835101
0.6470000000000001,0.5763215910582751,0.8912110158740296
0.6480000000000001,0.57632526122116,0.8912145292907427
0.6490000000000001,0.5763290829074752,0.8912177974870356
0.65,0.5763328053915324,0.8912215237099756
0.6500000000000001,0.5763328053915324,0.8912215237099756
0.6510000000000001,0.5763349873368646,0.8912248877395361
0.6520000000000001,0.5763383236447474,0.8912279036688445
0.6530000000000001,0.5763400138367196,0.8912315439237062
0.6540000000000001,0.5763423987615933,0.8912345668995787
0.6550000000000001,0.5763447457594152,0.8912371501698695
0.6560000000000001,0.5763493726701238,0.8912406368096402
0.6570000000000001,0.5763530325224272,0.8912437739398462
0.6580000000000001,0.5763543306423872,0.8912468180554098
0.659,0.5763549585273092,0.8912494323305815
0.66,0.5763567653184262,0.8912528992399735
0.661,0.5763591625671459,0.8912557418238124
0.662,0.5763625529507512,0.8912592143704554
0.663,0.5763641428373889,0.891261759589302
0.664,0.5763680324176196,0.8912644048693542
0.665,0.5763696986746049,0.8912675391809347
0.666,0.576369293937049,0.8912702521079996
0.667,0.5763720408033073,0.8912729100718669
0.668,0.5763730728276807,0.8912751861119759
0.669,0.5763754551352261,0.8912776848235011
0.67,0.5763787881110339,0.8912800736086309
0.671,0.5763800731461555,0.8912822101267767
0.672,0.576381920781095,0.8912846270981617
0.673,0.5763854227189112,0.8912869369617771
0.674,0.5763866196599529,0.8912892891047751
0.675,0.5763890832209045,0.8912918709657531
0.676,0.5763883309597817,0.8912938876923142
0.677,0.5763890055396027,0.8912960974947235
0.678,0.5763878628886541,0.8912975589520566
0.679,0.5763901973270981,0.8912998053965976
0.68,0.5763882728760731,0.8913009215723043
0.681,0.5763912874935286,0.8913027325392022
0.682,0.5763930305407959,0.8913047168515696
0.683,0.576392648461953,0.8913064122548211
0.684,0.5763940712349876,0.8913077877440759
0.685,0.5763932545028677,0.8913091702798944
0.686,0.576392274615619,0.8913106218720381
0.687,0.576393776424853,0.8913122524469027
0.6880000000000001,0.5763936811560894,0.8913138097375037
0.6890000000000001,0.5763922183100225,0.8913149597367166
0.6900000000000001,0.5763902795538004,0.8913167707036144
0.6910000000000001,0.5763898794393346,0.8913177107152261
0.6920000000000001,0.5763891354643794,0.8913187056900352
0.6930000000000001,0.5763893185900292,0.8913193145131479
0.6940000000000001,0.576387504788425,0.8913203489487147
0.6950000000000001,0.5763899475852277,0.8913214707616725
0.6960000000000001,0.5763874497261338,0.8913218371829903
0.6970000000000001,0.5763869053285414,0.8913228490695526
0.6980000000000001,0.5763868759658183,0.8913238398164237
0.6990000000000001,0.5763865358173359,0.8913243344852028
0.7000000000000001,0.576384887300901,0.8913249094848091
0.7010000000000001,0.5763831444682246,0.8913253083203205
0.7020000000000001,0.5763833602332823,0.8913258227194785
0.7030000000000001,0.5763807249290638,0.8913262525598703
0.7040000000000001,0.5763799257730329,0.89132703331914
0.7050000000000001,0.5763755712115493,0.8913269149368681
0.7060000000000001,0.5763734470895029,0.8913267021306411
0.7070000000000001,0.57637476233305,0.8913271657945396
0.7080000000000001,0.5763716464618474,0.8913271446548482
0.7090000000000001,0.5763694801842204,0.8913273645076389
0.71,0.5763676305409826,0.8913274166522109
0.7100000000000001,0.5763676305409826,0.891327416652211
0.7110000000000001,0.5763635854651312,0.8913271051940908
0.712,0.57636349988293,0.8913270770078356
0.7130000000000001,0.5763610202151987,0.8913271559293501
0.714,0.5763563975584237,0.8913269135275552
0.7150000000000001,0.5763525528267166,0.8913264470450314
0.716,0.5763504636533121,0.8913264146308378
0.7170000000000001,0.5763485082050168,0.8913258903664909
0.718,0.5763444611901917,0.8913257917145976
0.719,0.5763446329916615,0.8913260031115117
0.72,0.5763410389552481,0.8913254858937284
0.721,0.5763363110972276,0.8913253069110078
0.722,0.5763312050163418,0.8913244359557213
0.723,0.576328240086897,0.8913237256620901
0.724,0.57632479768841,0.8913227320965934
0.725,0.5763230827965385,0.8913223050748268
0.726,0.5763191695847099,0.8913217314845332
0.727,0.5763145346302099,0.8913209605904527
0.728,0.5763088095952771,0.8913201150027963
0.729,0.5763042079723417,0.8913191862656866
0.73,0.5763007446420505,0.8913185408004423
0.731,0.5762961661261986,0.8913170610220431
0.732,0.5762916318145732,0.8913157264028584
0.733,0.5762895545473739,0.8913146581437856
0.734,0.5762850212440431,0.8913133277525392
0.735,0.5762824108108273,0.89131256249571
0.736,0.5762788433713438,0.8913114096778716
0.737,0.5762741402800853,0.8913099143970322
0.738,0.5762686405613904,0.8913086868856173
0.739,0.5762619144901735,0.891307574937849
0.74,0.576256102919803,0.8913063220588044
0.741,0.5762501527795635,0.8913044237145153
0.742,0.5762452957485497,0.8913023999413906
0.743,0.5762408653952666,0.8913006298445628
0.744,0.5762364972079218,0.8912991571127277
0.745,0.5762312326109079,0.891297533584427
0.746,0.5762267157190747,0.891295676110208
0.747,0.5762187100025956,0.8912943358537722
0.748,0.5762123695290582,0.8912924685143641
0.749,0.5762050067388665,0.8912900853664851
0.75,0.5761989823301568,0.8912879227760533
0.76,0.5761335337041291,0.8912667161422823
0.77,0.5760601150480923,0.8912382860759547
0.78,0.5759787455441359,0.891204805032692
0.79,0.5758981997162009,0.8911662321424236
0.8,0.5758088032115013,0.8911201173149149
0.81,0.5757143482435019,0.8910709513252785
0.8200000000000001,0.5756008608836097,0.8910150452973626
0.8300000000000001,0.5754803449908162,0.8909534146410117
0.84,0.5753473890866885,0.890886830250306
0.85,0.5752081556501859,0.8908125749702421
0.86,0.5750592389425432,0.8907350824987661
0.87,0.5749131875109149,0.8906544810833393
0.88,0.5747530119802354,0.8905678774048639
0.89,0.5745883950699862,0.8904759239751473
0.9,0.5744050076060823,0.8903774003293393
0.91,0.5742158028520289,0.8902754703745877
0.92,0.5740274334644784,0.8901677185488205
0.93,0.5738279113468335,0.8900557317382065
0.9400000000000001,0.5736140970901363,0.8899374297971107
0.9500000000000001,0.5734003681488449,0.8898163162770566
0.96,0.5731820479195198,0.8896890496974879
0.97,0.5729465780944692,0.8895564812833126
0.98,0.5727070168095542,0.889419231132145
0.99,0.572458948100546,0.8892743974690107
1.0,0.5720723782309146,0.8891261969576902
