feature,importance_gain,importance_split,feature_type
wafer_die_count,245132.26732635498,219,spatial
wafer_old_fail_rate,207084.87866210938,496,spatial
wafer_old_fail_count,173629.1786956787,300,spatial
feature_277,83529.5855255127,63,parametric
feature_113,71453.98545074463,104,parametric
feature_163,71266.60234069824,96,parametric
feature_312,69851.65868377686,95,parametric
feature_223,66736.49858856201,98,parametric
feature_33,64729.185638427734,84,parametric
feature_472,64149.015213012695,87,parametric
feature_242,64103.9331741333,87,parametric
feature_65,61859.80683135986,105,parametric
feature_365,61059.55295562744,90,parametric
feature_396,60563.31433868408,104,parametric
feature_446,60275.10488128662,75,parametric
feature_183,59811.19133758545,87,parametric
feature_286,57357.260513305664,90,parametric
feature_272,56765.578842163086,92,parametric
feature_336,56562.95185089111,90,parametric
feature_295,56071.678970336914,94,parametric
feature_436,55991.34328460693,109,parametric
feature_245,54923.76672363281,86,parametric
feature_246,54482.02075958252,101,parametric
feature_495,54113.04114532471,104,parametric
feature_171,53419.236640930176,74,parametric
feature_284,53004.25215911865,85,parametric
feature_251,52649.15809631348,81,parametric
feature_342,51405.85704040527,94,parametric
feature_385,50744.52796173096,98,parametric
feature_189,50478.79195404053,87,parametric
feature_262,50007.88618469238,79,parametric
feature_285,49958.11917877197,75,parametric
feature_269,49673.45683288574,84,parametric
feature_236,49106.48777770996,98,parametric
feature_178,48668.712799072266,69,parametric
feature_209,48189.88023376465,101,parametric
feature_387,48158.923767089844,74,parametric
feature_294,46826.7289352417,87,parametric
feature_381,46808.75408935547,96,parametric
feature_85,46732.209228515625,97,parametric
feature_97,46263.28147125244,99,parametric
feature_290,45724.55916595459,90,parametric
feature_156,45598.90313720703,79,parametric
feature_233,45542.18101501465,91,parametric
feature_77,45301.20037841797,99,parametric
feature_13,45298.34801483154,78,parametric
feature_433,45005.30743408203,83,parametric
feature_457,44444.01509857178,84,parametric
feature_159,44253.34376525879,85,parametric
feature_130,44147.25686645508,80,parametric
feature_254,43921.10744476318,67,parametric
feature_325,43718.176177978516,80,parametric
feature_255,43488.77606201172,81,parametric
feature_440,43389.713874816895,66,parametric
feature_169,43256.17332458496,84,parametric
feature_225,42976.67774963379,76,parametric
feature_89,42689.07120513916,94,parametric
feature_412,42628.18502044678,103,parametric
feature_447,42603.078132629395,92,parametric
feature_123,42199.20747375488,96,parametric
feature_193,42069.17283630371,94,parametric
feature_478,42054.83534240723,87,parametric
feature_282,42008.93574523926,85,parametric
feature_244,41559.166160583496,80,parametric
feature_475,41549.801010131836,89,parametric
feature_3,41349.92936706543,69,parametric
feature_238,41134.5764465332,81,parametric
feature_115,40828.95195007324,85,parametric
feature_60,40821.30564117432,76,parametric
feature_46,40472.69906616211,88,parametric
feature_197,40283.43769073486,101,parametric
feature_399,39888.83824157715,83,parametric
feature_58,39163.35079193115,88,parametric
feature_132,38883.03897857666,79,parametric
feature_235,38833.5590133667,83,parametric
feature_362,38766.52395629883,81,parametric
feature_474,38660.418952941895,88,parametric
feature_265,38113.22033691406,77,parametric
feature_349,38080.022033691406,88,parametric
feature_482,37501.51796722412,98,parametric
feature_231,37387.73518371582,85,parametric
feature_8,37281.99305725098,89,parametric
feature_454,37227.003913879395,77,parametric
feature_320,36769.33101654053,85,parametric
feature_333,36707.28700256348,95,parametric
feature_29,36653.18383026123,78,parametric
feature_227,36614.67290496826,80,parametric
feature_229,36598.91401672363,83,parametric
feature_276,36576.0470123291,89,parametric
feature_271,35554.93825531006,85,parametric
feature_464,35542.526039123535,87,parametric
feature_195,35166.32695770264,94,parametric
feature_31,34660.945167541504,86,parametric
feature_448,34618.86399078369,95,parametric
feature_243,34542.70893096924,87,parametric
feature_298,34339.52307128906,84,parametric
feature_100,34217.60209655762,84,parametric
feature_359,34175.0788269043,79,parametric
feature_275,33921.87582397461,94,parametric
feature_216,33642.05185699463,79,parametric
feature_460,33552.93200683594,79,parametric
feature_397,32944.79616546631,64,parametric
radius,32687.822731018066,76,spatial
feature_109,32683.394035339355,76,parametric
feature_414,32453.10137939453,85,parametric
feature_480,32414.947143554688,81,parametric
old_fail_density_5x5,32302.80258178711,24,spatial
feature_22,32061.82070159912,81,parametric
feature_306,31789.39306640625,80,parametric
feature_43,31450.927841186523,78,parametric
feature_126,31311.28005218506,77,parametric
feature_419,31150.28298187256,82,parametric
feature_421,31017.577194213867,91,parametric
feature_358,30839.065925598145,80,parametric
feature_389,30674.433212280273,83,parametric
feature_441,30469.12420654297,80,parametric
feature_486,30045.07992553711,74,parametric
feature_340,29844.409309387207,94,parametric
feature_309,29427.63311767578,69,parametric
feature_146,29393.800956726074,72,parametric
feature_88,29288.620002746582,86,parametric
feature_258,29132.394500732422,87,parametric
feature_351,28956.117042541504,86,parametric
feature_218,28946.41985321045,74,parametric
feature_497,28899.49196624756,76,parametric
feature_291,28875.76986694336,79,parametric
feature_191,28528.091995239258,87,parametric
feature_299,28475.66806793213,78,parametric
feature_153,28358.0478515625,80,parametric
feature_202,28078.551879882812,84,parametric
feature_71,28043.134048461914,79,parametric
feature_20,28021.02397918701,78,parametric
feature_426,27828.643028259277,82,parametric
feature_37,27622.173141479492,81,parametric
feature_185,27414.824913024902,91,parametric
feature_348,27383.09881591797,79,parametric
feature_280,27189.469024658203,65,parametric
feature_198,27004.782905578613,88,parametric
feature_28,26808.992149353027,68,parametric
feature_81,26781.88596343994,80,parametric
feature_78,26770.70408630371,95,parametric
feature_34,26735.32386779785,83,parametric
feature_293,26592.318954467773,71,parametric
feature_188,26477.24098968506,92,parametric
feature_418,26424.54005432129,82,parametric
feature_1,26077.21485900879,76,parametric
feature_392,26020.38094329834,93,parametric
feature_75,25733.38796234131,78,parametric
feature_425,25559.087852478027,70,parametric
feature_308,25344.080200195312,79,parametric
feature_263,25334.479125976562,78,parametric
feature_403,25311.816902160645,74,parametric
feature_56,25264.520751953125,77,parametric
feature_332,25196.33794403076,70,parametric
feature_176,25169.44725036621,79,parametric
feature_283,25027.209930419922,77,parametric
feature_136,25018.270080566406,84,parametric
feature_500,24563.855041503906,70,parametric
feature_331,24422.902069091797,79,parametric
feature_496,24390.398895263672,79,parametric
feature_237,24358.646995544434,83,parametric
feature_190,24219.748893737793,74,parametric
feature_467,24158.891944885254,67,parametric
feature_337,24068.7843170166,73,parametric
feature_404,24047.52182006836,72,parametric
feature_444,23850.28589630127,62,parametric
feature_379,23794.118003845215,70,parametric
feature_205,23773.477088928223,73,parametric
feature_345,23313.82797241211,73,parametric
feature_173,23263.91985321045,74,parametric
feature_17,22975.763023376465,65,parametric
feature_41,22826.692985534668,78,parametric
feature_248,22786.26690673828,77,parametric
feature_364,22743.91091156006,76,parametric
feature_91,22664.101989746094,74,parametric
feature_160,22630.023010253906,79,parametric
feature_47,22368.159065246582,63,parametric
feature_21,22323.4760055542,83,parametric
feature_411,22215.105003356934,69,parametric
feature_253,21879.718994140625,74,parametric
feature_118,21857.000442504883,67,parametric
feature_373,21777.450965881348,68,parametric
feature_442,21767.464500427246,76,parametric
feature_395,21516.804054260254,75,parametric
feature_154,21492.17088317871,67,parametric
feature_264,21372.963050842285,65,parametric
feature_133,21028.786964416504,76,parametric
feature_161,20908.132041931152,72,parametric
feature_350,20706.23610687256,72,parametric
feature_168,20578.241905212402,65,parametric
feature_449,20546.876052856445,83,parametric
feature_221,20283.384994506836,72,parametric
feature_164,19840.455978393555,74,parametric
feature_69,19768.170013427734,64,parametric
feature_315,19657.844009399414,67,parametric
feature_368,19605.32396697998,63,parametric
feature_316,19554.011001586914,71,parametric
feature_473,19390.255043029785,69,parametric
feature_204,19368.04987335205,62,parametric
feature_208,19108.000061035156,77,parametric
feature_380,18927.94603729248,68,parametric
feature_310,18905.026443481445,71,parametric
feature_335,18867.383895874023,55,parametric
feature_24,18845.93521118164,66,parametric
feature_39,18802.169006347656,63,parametric
feature_99,18752.835899353027,70,parametric
feature_311,18587.499969482422,75,parametric
feature_466,18533.67000579834,66,parametric
feature_83,18426.472625732422,63,parametric
feature_127,18360.123931884766,62,parametric
feature_4,18277.473960876465,57,parametric
distance_to_edge,18223.09994506836,52,spatial
feature_257,18197.722686767578,71,parametric
feature_346,18147.900970458984,69,parametric
feature_471,18091.89003753662,66,parametric
feature_370,18021.693084716797,67,parametric
feature_328,17996.31199645996,65,parametric
feature_166,17808.5951461792,76,parametric
feature_409,17651.802993774414,73,parametric
feature_174,17369.148696899414,69,parametric
feature_212,17066.213829040527,62,parametric
feature_207,16916.936042785645,50,parametric
feature_367,16895.701095581055,51,parametric
feature_26,16877.896842956543,62,parametric
feature_250,16803.844955444336,61,parametric
feature_32,16790.38208770752,66,parametric
feature_485,16779.328887939453,64,parametric
feature_121,16740.19105529785,67,parametric
feature_82,16333.91803741455,60,parametric
feature_479,16288.886840820312,69,parametric
feature_40,15745.18196105957,64,parametric
feature_149,15705.380012512207,60,parametric
feature_456,15620.148963928223,54,parametric
feature_79,15527.166030883789,67,parametric
feature_114,15358.942092895508,66,parametric
feature_105,15330.860931396484,65,parametric
feature_461,15323.970031738281,64,parametric
feature_356,15232.401992797852,69,parametric
feature_390,15120.916946411133,65,parametric
feature_443,15079.363960266113,65,parametric
feature_211,15050.642944335938,63,parametric
feature_35,15006.258934020996,63,parametric
feature_196,14976.79109954834,61,parametric
feature_439,14956.085983276367,57,parametric
feature_270,14813.806953430176,49,parametric
feature_260,14788.83391571045,63,parametric
feature_80,14354.40503692627,62,parametric
feature_30,14284.930061340332,64,parametric
feature_152,14269.609939575195,63,parametric
feature_476,14267.349975585938,54,parametric
feature_186,14101.37191772461,55,parametric
feature_455,14093.357055664062,50,parametric
feature_400,13936.793960571289,63,parametric
feature_147,13816.559944152832,59,parametric
feature_288,13807.868965148926,56,parametric
feature_369,13784.645004272461,57,parametric
feature_220,13747.841957092285,50,parametric
feature_327,13732.87710571289,58,parametric
feature_239,13583.269912719727,56,parametric
feature_16,13522.849250793457,63,parametric
feature_462,13512.839050292969,66,parametric
feature_386,13504.500526428223,62,parametric
feature_326,13402.117958068848,53,parametric
feature_427,13363.386039733887,50,parametric
feature_424,13343.19995880127,61,parametric
feature_76,13316.620018005371,53,parametric
feature_459,13284.577087402344,53,parametric
feature_138,13233.919044494629,52,parametric
feature_27,13180.151878356934,52,parametric
feature_302,13118.352996826172,60,parametric
feature_401,13019.443260192871,54,parametric
feature_259,12941.220932006836,55,parametric
feature_422,12936.807929992676,57,parametric
feature_432,12750.213081359863,53,parametric
feature_64,12719.436988830566,60,parametric
feature_137,12677.963417053223,55,parametric
feature_57,12448.743064880371,40,parametric
feature_487,12275.045921325684,55,parametric
feature_321,12239.963020324707,53,parametric
feature_430,12089.151008605957,57,parametric
feature_483,12083.3119430542,58,parametric
feature_317,12081.156944274902,56,parametric
feature_9,12045.65503692627,49,parametric
feature_170,12026.612976074219,50,parametric
feature_140,11983.443016052246,49,parametric
feature_5,11939.067031860352,56,parametric
feature_303,11749.52603149414,57,parametric
feature_73,11693.763023376465,51,parametric
feature_222,11658.560989379883,51,parametric
feature_410,11588.652053833008,58,parametric
feature_67,11552.798156738281,55,parametric
feature_431,11539.473014831543,50,parametric
feature_375,11491.54581451416,55,parametric
feature_256,11455.767044067383,54,parametric
feature_210,11329.999877929688,54,parametric
feature_131,11263.744430541992,57,parametric
feature_434,11243.927223205566,52,parametric
feature_341,11213.281021118164,47,parametric
feature_125,11196.430015563965,47,parametric
feature_329,11131.396003723145,53,parametric
feature_86,11100.0650100708,53,parametric
feature_94,11013.784652709961,60,parametric
feature_274,10685.011932373047,50,parametric
feature_343,10546.915992736816,54,parametric
feature_62,10497.736190795898,43,parametric
feature_402,10484.74161529541,48,parametric
feature_297,10412.275985717773,51,parametric
feature_129,10361.904960632324,49,parametric
feature_408,10295.480987548828,48,parametric
feature_134,10140.298957824707,52,parametric
feature_415,10135.434928894043,47,parametric
feature_334,9874.14444732666,47,parametric
feature_182,9740.874900817871,47,parametric
feature_181,9724.447044372559,48,parametric
feature_184,9642.349952697754,45,parametric
feature_200,9610.052780151367,43,parametric
feature_493,9587.649932861328,48,parametric
feature_361,9577.580017089844,45,parametric
feature_96,9506.139671325684,44,parametric
feature_377,9462.201042175293,46,parametric
feature_292,9408.996932983398,46,parametric
feature_141,9396.975982666016,42,parametric
feature_2,9232.264938354492,46,parametric
feature_481,9223.627975463867,49,parametric
feature_489,9184.047058105469,46,parametric
feature_240,9171.77799987793,41,parametric
feature_228,9151.495979309082,49,parametric
feature_445,9020.349014282227,44,parametric
feature_498,8909.924987792969,43,parametric
feature_38,8777.789939880371,41,parametric
feature_355,8756.143981933594,44,parametric
feature_382,8712.940979003906,41,parametric
feature_48,8690.943992614746,45,parametric
feature_324,8676.151344299316,46,parametric
feature_347,8663.219017028809,44,parametric
feature_488,8660.836967468262,47,parametric
feature_490,8655.863960266113,46,parametric
feature_90,8510.676002502441,42,parametric
feature_435,8490.26904296875,42,parametric
feature_111,8488.3603515625,43,parametric
feature_199,8419.268051147461,46,parametric
feature_252,8401.598937988281,38,parametric
feature_51,8395.910102844238,41,parametric
feature_162,8292.708961486816,40,parametric
feature_87,8205.661972045898,43,parametric
feature_7,8200.251998901367,44,parametric
feature_180,8185.12801361084,40,parametric
feature_52,8172.661972045898,40,parametric
feature_226,8025.967956542969,42,parametric
feature_437,8012.231994628906,42,parametric
feature_116,7799.482009887695,40,parametric
feature_214,7784.1860275268555,38,parametric
feature_416,7752.947883605957,42,parametric
feature_95,7711.698944091797,38,parametric
feature_323,7684.055969238281,41,parametric
feature_230,7539.061393737793,43,parametric
feature_438,7523.589813232422,42,parametric
feature_261,7447.618927001953,39,parametric
feature_63,7435.568023681641,37,parametric
feature_10,7407.892059326172,37,parametric
feature_372,7367.594985961914,40,parametric
feature_84,7339.8542404174805,41,parametric
feature_70,7304.8940505981445,42,parametric
feature_492,7274.802017211914,36,parametric
feature_106,7149.518005371094,39,parametric
feature_278,7109.887016296387,39,parametric
feature_406,7079.93098449707,39,parametric
feature_104,7064.671852111816,41,parametric
feature_6,7037.779983520508,36,parametric
feature_371,7026.068016052246,38,parametric
feature_318,6954.448028564453,38,parametric
feature_151,6859.392990112305,39,parametric
feature_148,6852.034034729004,39,parametric
feature_366,6765.15202331543,30,parametric
feature_42,6762.404495239258,39,parametric
feature_314,6735.52596282959,40,parametric
feature_428,6734.89794921875,37,parametric
feature_241,6713.959991455078,39,parametric
feature_74,6674.152015686035,34,parametric
feature_187,6634.023040771484,38,parametric
feature_36,6474.233016967773,30,parametric
feature_429,6384.880996704102,35,parametric
feature_391,6341.104217529297,34,parametric
feature_135,6308.230010986328,36,parametric
old_fail_density_11x11,6172.956039428711,13,spatial
feature_19,6154.332015991211,32,parametric
feature_219,6111.78800201416,35,parametric
feature_215,6095.178970336914,33,parametric
feature_378,6061.367988586426,33,parametric
feature_491,5954.034004211426,31,parametric
feature_287,5929.4460372924805,33,parametric
feature_499,5913.509010314941,31,parametric
old_fail_density_7x7,5904.290939331055,10,spatial
feature_394,5898.34797668457,31,parametric
feature_54,5876.164993286133,32,parametric
feature_296,5874.464958190918,32,parametric
feature_18,5823.951019287109,34,parametric
feature_165,5792.911979675293,35,parametric
feature_172,5723.006965637207,35,parametric
feature_194,5714.117988586426,32,parametric
feature_110,5714.012023925781,33,parametric
feature_407,5694.507995605469,33,parametric
feature_224,5623.401016235352,30,parametric
feature_458,5536.158508300781,28,parametric
radius_squared,5534.373970031738,14,spatial
feature_420,5511.273727416992,30,parametric
feature_102,5473.880088806152,34,parametric
feature_393,5444.51496887207,31,parametric
old_fail_density_9x9,5404.209030151367,15,spatial
feature_279,5346.2459716796875,30,parametric
feature_352,5344.212707519531,32,parametric
feature_388,5303.748031616211,29,parametric
feature_117,5251.512001037598,34,parametric
feature_206,5233.667022705078,29,parametric
feature_344,5220.61003112793,28,parametric
feature_484,5182.5309982299805,27,parametric
feature_142,5166.164993286133,31,parametric
feature_234,5046.191024780273,30,parametric
feature_122,5034.914978027344,26,parametric
feature_470,4985.518020629883,28,parametric
feature_119,4978.481803894043,30,parametric
feature_143,4969.6389083862305,30,parametric
feature_23,4942.3800048828125,31,parametric
feature_307,4927.394981384277,26,parametric
feature_139,4821.937034606934,28,parametric
feature_44,4774.581985473633,28,parametric
feature_213,4717.775993347168,30,parametric
feature_53,4573.2099609375,29,parametric
feature_145,4563.30997467041,25,parametric
feature_158,4529.493995666504,28,parametric
feature_360,4529.240982055664,27,parametric
feature_128,4484.231636047363,25,parametric
feature_405,4480.668914794922,23,parametric
feature_61,4450.014984130859,25,parametric
feature_413,4416.538993835449,27,parametric
feature_150,4366.9680099487305,28,parametric
feature_300,4359.344009399414,25,parametric
feature_304,4352.742980957031,27,parametric
feature_14,4299.985984802246,27,parametric
feature_124,4282.214973449707,26,parametric
feature_203,4253.834045410156,25,parametric
feature_417,4177.189010620117,22,parametric
feature_49,4151.417274475098,28,parametric
feature_167,4124.080986022949,25,parametric
feature_217,4085.0839920043945,23,parametric
feature_363,4084.0879974365234,23,parametric
feature_107,4075.4059448242188,25,parametric
feature_267,4042.765998840332,25,parametric
feature_93,4011.770980834961,26,parametric
feature_108,3983.8939895629883,23,parametric
feature_268,3982.286003112793,24,parametric
feature_494,3979.980026245117,26,parametric
feature_330,3903.7030181884766,26,parametric
feature_353,3888.145004272461,23,parametric
feature_383,3857.8469772338867,23,parametric
feature_11,3817.951484680176,25,parametric
feature_12,3692.5119247436523,24,parametric
feature_313,3614.8031005859375,23,parametric
feature_59,3606.620002746582,24,parametric
feature_68,3576.6479721069336,21,parametric
feature_98,3575.8691024780273,20,parametric
feature_354,3566.6809844970703,20,parametric
feature_338,3563.656997680664,20,parametric
feature_201,3552.1680221557617,22,parametric
feature_101,3543.48641204834,22,parametric
feature_468,3508.5880126953125,20,parametric
feature_374,3497.7639923095703,22,parametric
distance_to_nearest_old_failure,3495.542999267578,20,spatial
feature_453,3485.3109970092773,21,parametric
feature_451,3377.235954284668,21,parametric
feature_144,3326.9570083618164,20,parametric
feature_384,3311.507011413574,19,parametric
feature_50,3250.357002258301,19,parametric
feature_301,3209.2265090942383,21,parametric
feature_281,3183.7739791870117,20,parametric
feature_339,3181.7220001220703,18,parametric
feature_273,3108.8066940307617,20,parametric
feature_463,3096.956787109375,20,parametric
feature_247,3091.671989440918,19,parametric
feature_72,3090.8542861938477,20,parametric
feature_266,3084.8859786987305,18,parametric
feature_305,3023.3350143432617,19,parametric
feature_55,2988.3620376586914,20,parametric
feature_376,2965.8359909057617,18,parametric
feature_452,2927.719009399414,18,parametric
feature_155,2923.347007751465,19,parametric
feature_66,2911.6419830322266,17,parametric
feature_477,2840.737014770508,16,parametric
feature_92,2825.5319900512695,19,parametric
feature_112,2803.013999938965,17,parametric
feature_232,2782.4320068359375,16,parametric
feature_175,2778.968017578125,18,parametric
feature_465,2721.992042541504,16,parametric
feature_398,2601.0,16,parametric
feature_179,2568.9089965820312,16,parametric
feature_423,2561.136016845703,17,parametric
feature_469,2520.461410522461,15,parametric
feature_25,2515.0881881713867,16,parametric
feature_177,2421.6840209960938,16,parametric
feature_15,2396.774971008301,15,parametric
feature_450,2350.032989501953,15,parametric
normalized_row,2285.107978820801,15,spatial
normalized_col,2284.3079986572266,14,spatial
feature_249,2245.69100189209,15,parametric
feature_357,2199.221015930176,14,parametric
feature_192,2189.761016845703,13,parametric
feature_289,2150.4940185546875,15,parametric
feature_322,2019.9280242919922,13,parametric
feature_319,1974.156997680664,12,parametric
feature_45,1928.0209884643555,12,parametric
feature_157,1699.8929977416992,11,parametric
feature_103,1649.401008605957,12,parametric
feature_120,1252.8149948120117,8,parametric
old_fail_count_9x9,1184.1850204467773,4,spatial
old_fail_density_3x3,987.572998046875,2,spatial
old_fail_count_11x11,840.468017578125,6,spatial
old_fail_count_5x5,149.01100158691406,1,spatial
old_fail_count_3x3,0.0,0,spatial
old_fail_count_7x7,0.0,0,spatial
