feature,importance_gain,importance_split,group
max_rolling_mean_400,950354.1078872681,150,block
max_rolling_mean_200,227567.457572937,131,block
wafer_die_count,209768.25524902344,200,spatial
block_mean_top200,203134.63984680176,109,block
block_mean,188893.01542663574,53,block
wafer_old_fail_rate,170384.20022583008,424,spatial
wafer_old_fail_count,119416.17794799805,325,spatial
feature_365,67630.82852935791,98,parametric
feature_312,63241.94608306885,103,parametric
block_q75,60257.74466705322,83,block
feature_277,57926.102546691895,84,parametric
feature_446,57622.25495147705,93,parametric
feature_223,57400.91407775879,98,parametric
feature_262,56961.03135681152,99,parametric
feature_472,56525.496017456055,87,parametric
feature_65,55913.03666687012,111,parametric
feature_242,54800.545906066895,87,parametric
feature_436,54122.76392364502,111,parametric
feature_183,53806.53199005127,95,parametric
feature_163,52615.938636779785,92,parametric
feature_336,52587.32141113281,105,parametric
feature_171,52446.1379699707,71,parametric
feature_246,52047.279876708984,85,parametric
feature_245,51541.91759490967,83,parametric
feature_33,51022.73972320557,87,parametric
feature_251,51000.34663391113,79,parametric
feature_113,50915.772216796875,101,parametric
feature_387,50484.84194946289,78,parametric
feature_295,50292.049476623535,86,parametric
feature_286,49428.364822387695,98,parametric
feature_97,48593.591735839844,115,parametric
feature_495,48142.752853393555,94,parametric
feature_254,47452.42723083496,81,parametric
feature_396,47266.97716522217,92,parametric
feature_159,46660.30448913574,85,parametric
feature_178,46313.45652008057,76,parametric
feature_290,46105.871017456055,88,parametric
feature_255,45672.88235473633,81,parametric
feature_285,45573.24620056152,82,parametric
feature_130,45267.44780731201,99,parametric
feature_189,43811.61944580078,84,parametric
feature_294,43641.054695129395,85,parametric
feature_284,43134.60758972168,93,parametric
feature_381,42812.67656707764,78,parametric
feature_233,42450.92727661133,92,parametric
feature_440,42231.063903808594,67,parametric
feature_474,41867.3448638916,96,parametric
feature_342,41820.28009033203,89,parametric
feature_3,41819.7419128418,75,parametric
feature_156,41779.51362609863,75,parametric
feature_272,41198.03528594971,79,parametric
feature_385,41070.44007873535,102,parametric
feature_209,41000.77688598633,88,parametric
feature_399,40994.51599884033,73,parametric
feature_269,40702.75720977783,66,parametric
feature_85,40513.57327270508,95,parametric
feature_29,40423.3540725708,89,parametric
feature_77,40387.9274597168,97,parametric
feature_475,40187.090187072754,95,parametric
feature_478,40131.92013549805,87,parametric
feature_169,39750.654136657715,92,parametric
feature_282,39728.03512573242,79,parametric
feature_225,39616.80406951904,84,parametric
feature_236,39401.50577545166,84,parametric
feature_412,39301.956283569336,92,parametric
feature_433,39267.85272216797,86,parametric
feature_235,39264.39909362793,87,parametric
feature_13,39052.718658447266,84,parametric
feature_238,38626.16771697998,92,parametric
feature_115,38596.4991607666,100,parametric
feature_193,38436.77551269531,79,parametric
feature_454,38119.111389160156,81,parametric
feature_447,37675.58701324463,95,parametric
feature_349,37496.56813812256,89,parametric
feature_276,37375.084785461426,79,parametric
feature_229,36858.097885131836,82,parametric
feature_265,36843.12047576904,75,parametric
feature_244,36770.60105133057,80,parametric
feature_123,36695.88886260986,95,parametric
feature_271,36360.48616027832,91,parametric
feature_457,36290.69004821777,81,parametric
feature_197,35945.68193817139,97,parametric
feature_325,35747.80776977539,78,parametric
feature_46,35717.701805114746,69,parametric
feature_362,35647.862213134766,92,parametric
feature_60,34901.56276702881,72,parametric
feature_58,34888.2361907959,87,parametric
feature_231,34807.694969177246,87,parametric
feature_132,34761.23433685303,82,parametric
feature_298,34346.06386566162,98,parametric
feature_414,33713.85642242432,93,parametric
feature_22,33106.344146728516,90,parametric
feature_482,33077.44800567627,91,parametric
feature_227,32952.87417602539,71,parametric
feature_8,32637.7403717041,85,parametric
feature_464,32605.912452697754,88,parametric
feature_88,31751.832885742188,93,parametric
feature_109,31256.09302520752,78,parametric
feature_309,31235.27684020996,67,parametric
feature_275,31203.58078765869,93,parametric
feature_320,31145.147201538086,98,parametric
feature_421,30288.6371383667,80,parametric
feature_216,29886.29605102539,82,parametric
feature_89,29434.591987609863,82,parametric
feature_195,29375.811492919922,82,parametric
feature_126,29357.892990112305,84,parametric
feature_100,29183.680374145508,90,parametric
feature_43,29179.370986938477,78,parametric
feature_243,29117.70302581787,77,parametric
feature_419,29021.354949951172,80,parametric
feature_202,28940.19718170166,100,parametric
feature_441,28908.398963928223,76,parametric
feature_31,28715.727493286133,66,parametric
feature_397,28422.137969970703,67,parametric
feature_460,28379.2703704834,69,parametric
radius,28362.153923034668,58,spatial
feature_258,28232.77767944336,80,parametric
feature_425,27867.555168151855,84,parametric
feature_306,27098.209007263184,71,parametric
feature_291,27072.67692565918,77,parametric
feature_359,27065.923332214355,74,parametric
feature_333,26969.089805603027,77,parametric
feature_389,26611.118041992188,78,parametric
feature_71,26579.286819458008,77,parametric
feature_480,26343.069969177246,71,parametric
feature_348,26259.12473297119,76,parametric
feature_153,25997.207107543945,71,parametric
feature_218,25945.165100097656,72,parametric
feature_146,25931.472869873047,70,parametric
feature_448,25922.78798675537,81,parametric
feature_37,25791.86100769043,80,parametric
feature_17,25542.038566589355,71,parametric
feature_308,25523.010856628418,85,parametric
feature_358,25482.531913757324,74,parametric
feature_486,25299.902870178223,68,parametric
feature_191,24992.40308380127,79,parametric
feature_373,24678.487678527832,81,parametric
feature_332,24619.163749694824,83,parametric
feature_418,24187.7664642334,78,parametric
feature_283,23916.24932861328,77,parametric
feature_497,23762.62119293213,66,parametric
feature_500,23736.41990661621,62,parametric
feature_41,23611.620040893555,91,parametric
feature_78,23583.835052490234,87,parametric
feature_293,23434.67440032959,74,parametric
feature_426,23396.393920898438,74,parametric
feature_28,23371.094131469727,66,parametric
feature_81,23211.249488830566,77,parametric
feature_75,22948.11248779297,79,parametric
feature_496,22839.045013427734,78,parametric
feature_205,22797.161819458008,78,parametric
feature_160,22618.129676818848,73,parametric
feature_176,22423.816917419434,74,parametric
feature_340,22354.672927856445,82,parametric
feature_253,22272.122032165527,75,parametric
feature_403,22261.47396850586,67,parametric
feature_185,22213.051765441895,80,parametric
feature_280,22085.626022338867,61,parametric
feature_20,22059.199966430664,73,parametric
old_fail_density_5x5,21908.11293029785,26,spatial
feature_1,21882.04207611084,63,parametric
feature_392,21881.954750061035,90,parametric
feature_56,21870.23599243164,79,parametric
feature_173,21720.612030029297,75,parametric
feature_331,21690.09600830078,79,parametric
feature_248,21685.82004547119,74,parametric
feature_237,21466.640113830566,71,parametric
feature_34,21098.728523254395,81,parametric
feature_467,21073.03688812256,71,parametric
feature_263,20936.76400756836,77,parametric
feature_136,20708.115882873535,75,parametric
feature_364,20694.94199371338,77,parametric
feature_4,20503.617095947266,72,parametric
feature_337,20202.519012451172,64,parametric
feature_379,20195.505142211914,62,parametric
feature_404,20118.587928771973,64,parametric
feature_69,19871.965049743652,59,parametric
feature_188,19824.371131896973,71,parametric
feature_154,19745.386039733887,71,parametric
feature_299,19711.631942749023,64,parametric
feature_133,19654.764938354492,69,parametric
feature_204,19621.16397857666,68,parametric
feature_47,19528.95903778076,60,parametric
feature_351,19323.71598815918,61,parametric
feature_316,19265.761039733887,75,parametric
feature_370,19143.10425567627,73,parametric
feature_190,19115.408012390137,66,parametric
feature_221,19059.793495178223,61,parametric
feature_91,18999.539833068848,68,parametric
feature_449,18685.609016418457,71,parametric
feature_442,18661.595489501953,72,parametric
feature_444,18594.147232055664,55,parametric
feature_264,18526.287979125977,60,parametric
feature_311,18402.307708740234,80,parametric
feature_350,18384.50212097168,69,parametric
feature_315,18161.774856567383,71,parametric
feature_207,18117.972076416016,61,parametric
feature_395,18100.703002929688,76,parametric
feature_380,18057.02707672119,70,parametric
feature_411,17916.87777709961,69,parametric
feature_212,17675.916900634766,71,parametric
feature_118,17579.50820159912,54,parametric
feature_161,17572.96169281006,60,parametric
feature_198,17341.983268737793,68,parametric
feature_335,17313.094024658203,66,parametric
feature_174,16873.20622253418,66,parametric
feature_310,16745.85001373291,71,parametric
feature_127,16725.232040405273,64,parametric
feature_39,16693.007583618164,60,parametric
feature_26,16683.79362487793,67,parametric
feature_368,16568.056159973145,53,parametric
feature_168,16515.658073425293,64,parametric
feature_21,16453.072120666504,61,parametric
feature_367,16299.542999267578,57,parametric
feature_149,16060.942909240723,64,parametric
block_q95,16036.818496704102,46,block
max_rolling_mean_100,15921.685417175293,43,block
feature_471,15752.541847229004,62,parametric
feature_121,15741.91901397705,63,parametric
feature_83,15708.219970703125,57,parametric
feature_208,15662.151596069336,60,parametric
feature_473,15639.64926147461,61,parametric
feature_250,15509.097946166992,59,parametric
feature_345,15281.458213806152,54,parametric
feature_166,15209.04303741455,63,parametric
feature_99,14980.677963256836,53,parametric
feature_257,14956.36498260498,63,parametric
feature_456,14824.156036376953,52,parametric
feature_390,14658.225967407227,66,parametric
feature_485,14582.473899841309,63,parametric
feature_466,14446.645141601562,58,parametric
feature_40,14375.395988464355,62,parametric
feature_346,14374.58992767334,59,parametric
feature_24,14361.350807189941,61,parametric
feature_186,14284.794509887695,61,parametric
feature_105,14256.587928771973,60,parametric
feature_409,14251.90843963623,63,parametric
feature_80,14205.673057556152,62,parametric
feature_328,14171.645957946777,60,parametric
feature_461,14165.166786193848,60,parametric
feature_164,14053.688430786133,64,parametric
feature_30,13954.454414367676,70,parametric
feature_138,13898.580955505371,59,parametric
feature_459,13831.406951904297,64,parametric
feature_432,13759.251968383789,64,parametric
feature_259,13737.958908081055,53,parametric
feature_82,13522.627388000488,60,parametric
feature_220,12938.790924072266,55,parametric
feature_327,12890.816276550293,62,parametric
feature_114,12795.733085632324,63,parametric
feature_288,12775.368049621582,53,parametric
feature_326,12750.708106994629,54,parametric
feature_211,12704.891052246094,53,parametric
distance_to_edge,12551.955024719238,43,spatial
feature_35,12475.484992980957,58,parametric
feature_427,12473.414085388184,58,parametric
feature_400,12455.399169921875,62,parametric
feature_152,12453.281639099121,60,parametric
feature_439,12428.032905578613,52,parametric
max_rolling_mean_100_start_idx,12426.863861083984,65,block
feature_76,12298.028427124023,59,parametric
feature_455,12231.544075012207,51,parametric
feature_487,12190.321029663086,59,parametric
feature_260,12160.603866577148,47,parametric
feature_239,12159.029975891113,51,parametric
feature_422,11944.760986328125,55,parametric
feature_196,11936.042488098145,53,parametric
feature_32,11929.316055297852,53,parametric
feature_476,11875.657203674316,51,parametric
feature_86,11866.561950683594,63,parametric
feature_125,11857.519958496094,58,parametric
feature_443,11812.604949951172,52,parametric
feature_79,11787.811935424805,51,parametric
feature_270,11787.13208770752,53,parametric
feature_386,11773.852989196777,54,parametric
feature_57,11619.863021850586,39,parametric
feature_415,11579.943962097168,53,parametric
feature_369,11360.647560119629,50,parametric
feature_410,11344.86799621582,60,parametric
feature_375,11212.386291503906,57,parametric
block_mean_top100,11198.723022460938,36,block
feature_302,11157.806007385254,52,parametric
feature_324,11115.199195861816,57,parametric
feature_303,11079.429054260254,52,parametric
feature_27,10867.889999389648,51,parametric
feature_479,10819.683990478516,58,parametric
feature_16,10795.549964904785,50,parametric
feature_424,10744.414199829102,53,parametric
feature_401,10667.774612426758,46,parametric
feature_210,10613.11003112793,53,parametric
feature_62,10528.386901855469,51,parametric
feature_9,10506.269996643066,46,parametric
feature_137,10493.453109741211,47,parametric
feature_356,10452.497314453125,52,parametric
feature_170,10394.2739944458,45,parametric
feature_140,10192.3179397583,51,parametric
block_median,10131.588775634766,41,block
feature_334,10095.161277770996,54,parametric
feature_222,9974.70491027832,51,parametric
feature_73,9967.587966918945,48,parametric
feature_462,9866.632957458496,51,parametric
feature_321,9859.919960021973,53,parametric
feature_116,9828.601974487305,48,parametric
feature_481,9753.005073547363,58,parametric
feature_252,9675.559646606445,46,parametric
feature_317,9544.565956115723,50,parametric
feature_341,9459.951011657715,44,parametric
feature_430,9324.790199279785,47,parametric
feature_408,9296.255676269531,49,parametric
feature_48,9290.105377197266,48,parametric
feature_343,9257.264053344727,49,parametric
feature_67,9224.457077026367,45,parametric
feature_147,9186.59398651123,45,parametric
feature_297,9177.796028137207,48,parametric
feature_64,9125.30795288086,46,parametric
feature_377,9113.043045043945,50,parametric
feature_483,9099.472961425781,45,parametric
feature_402,9084.762016296387,48,parametric
feature_36,9021.304008483887,48,parametric
feature_431,9018.453117370605,43,parametric
feature_129,8988.589958190918,47,parametric
feature_361,8916.038497924805,46,parametric
feature_94,8727.29499053955,50,parametric
radius_squared,8709.676155090332,21,spatial
feature_51,8683.607452392578,43,parametric
feature_184,8667.42204284668,46,parametric
feature_445,8621.734008789062,44,parametric
block_std,8584.823013305664,45,block
feature_162,8478.134811401367,42,parametric
feature_347,8387.37181854248,38,parametric
feature_428,8362.666900634766,48,parametric
feature_292,8352.800025939941,45,parametric
feature_355,8198.49397277832,42,parametric
feature_74,8144.298042297363,45,parametric
feature_458,8138.008186340332,45,parametric
feature_141,8120.454010009766,46,parametric
feature_489,7961.731254577637,44,parametric
feature_493,7939.289009094238,42,parametric
feature_256,7911.934028625488,39,parametric
feature_52,7850.559051513672,42,parametric
feature_5,7775.210357666016,40,parametric
feature_10,7710.190994262695,43,parametric
feature_200,7697.10205078125,37,parametric
feature_488,7675.672332763672,41,parametric
feature_499,7666.6494064331055,44,parametric
feature_434,7661.145668029785,43,parametric
feature_111,7656.073944091797,43,parametric
feature_372,7582.363464355469,43,parametric
feature_274,7558.300010681152,38,parametric
feature_2,7525.7199630737305,43,parametric
block_mean_top10,7514.4179611206055,36,block
feature_490,7435.9231033325195,42,parametric
feature_181,7397.525802612305,39,parametric
feature_329,7376.168006896973,42,parametric
feature_131,7332.958648681641,41,parametric
feature_182,7304.4069900512695,43,parametric
feature_215,7265.968963623047,37,parametric
feature_435,7227.995986938477,38,parametric
feature_226,7186.2940673828125,36,parametric
feature_134,7138.156295776367,42,parametric
feature_323,7117.096984863281,37,parametric
old_fail_density_9x9,7098.658828735352,12,spatial
feature_180,6972.9949951171875,40,parametric
feature_498,6954.5290603637695,37,parametric
feature_394,6947.366035461426,36,parametric
feature_240,6932.56689453125,39,parametric
feature_492,6919.128974914551,37,parametric
feature_228,6898.409042358398,37,parametric
feature_214,6815.997016906738,36,parametric
feature_261,6813.17977142334,35,parametric
feature_96,6775.356994628906,35,parametric
feature_95,6715.551002502441,35,parametric
feature_90,6713.009986877441,39,parametric
feature_224,6463.02099609375,35,parametric
feature_104,6461.795028686523,35,parametric
feature_38,6425.092956542969,31,parametric
feature_7,6421.597686767578,34,parametric
feature_187,6380.678169250488,36,parametric
feature_241,6342.187965393066,39,parametric
feature_139,6283.7595291137695,37,parametric
feature_314,6274.637985229492,35,parametric
feature_84,6272.898666381836,35,parametric
feature_199,6099.276031494141,35,parametric
feature_219,6090.998062133789,32,parametric
feature_429,6063.669967651367,37,parametric
feature_63,6050.21199798584,33,parametric
old_fail_density_11x11,6047.157325744629,16,spatial
feature_416,5978.042060852051,35,parametric
feature_382,5968.162979125977,31,parametric
feature_371,5930.551002502441,35,parametric
feature_278,5917.151039123535,36,parametric
feature_6,5645.965217590332,32,parametric
feature_87,5611.811950683594,32,parametric
feature_206,5572.081008911133,34,parametric
feature_406,5488.418228149414,32,parametric
feature_49,5474.94319152832,33,parametric
feature_279,5461.606018066406,35,parametric
feature_384,5408.070373535156,33,parametric
feature_165,5403.558029174805,31,parametric
feature_106,5388.9948806762695,32,parametric
feature_70,5387.010032653809,32,parametric
feature_42,5386.593032836914,35,parametric
feature_391,5372.6779861450195,28,parametric
feature_167,5361.436965942383,33,parametric
feature_194,5321.1710205078125,33,parametric
old_fail_density_7x7,5294.264007568359,12,spatial
feature_172,5228.5667724609375,33,parametric
feature_54,5166.636016845703,27,parametric
block_mean_top50,5083.293045043945,21,block
feature_19,5082.495086669922,31,parametric
feature_128,5003.894508361816,30,parametric
feature_354,4955.097038269043,28,parametric
feature_378,4936.0407638549805,29,parametric
feature_230,4924.043838500977,29,parametric
feature_148,4914.827087402344,28,parametric
feature_142,4862.720993041992,32,parametric
feature_217,4852.666259765625,29,parametric
feature_438,4844.8969802856445,29,parametric
feature_366,4835.1122970581055,26,parametric
feature_318,4780.325820922852,30,parametric
feature_145,4757.9780197143555,30,parametric
feature_352,4743.7980880737305,31,parametric
feature_203,4729.393013000488,25,parametric
feature_470,4646.199981689453,29,parametric
feature_393,4640.993087768555,25,parametric
feature_407,4638.652008056641,28,parametric
feature_420,4623.863960266113,27,parametric
feature_484,4622.13703918457,25,parametric
feature_151,4621.548789978027,29,parametric
feature_135,4619.315971374512,27,parametric
feature_405,4604.4521484375,29,parametric
feature_61,4553.892425537109,28,parametric
feature_68,4530.875015258789,28,parametric
feature_110,4491.596977233887,27,parametric
feature_108,4471.675010681152,27,parametric
feature_296,4301.242897033691,25,parametric
feature_374,4294.911964416504,24,parametric
feature_307,4288.78702545166,27,parametric
feature_452,4224.746994018555,26,parametric
feature_143,4200.27082824707,25,parametric
feature_465,4183.587028503418,27,parametric
feature_268,4131.70458984375,26,parametric
feature_388,4022.7138061523438,24,parametric
feature_150,3975.3670196533203,27,parametric
feature_451,3971.6480026245117,25,parametric
feature_437,3911.45401763916,23,parametric
feature_18,3861.341995239258,24,parametric
feature_417,3849.1690063476562,24,parametric
feature_413,3778.556007385254,22,parametric
block_max,3752.501007080078,23,block
feature_339,3709.6260147094727,23,parametric
feature_102,3698.638984680176,23,parametric
feature_53,3694.1210327148438,24,parametric
feature_383,3651.250602722168,22,parametric
feature_300,3625.4800338745117,22,parametric
feature_124,3570.531997680664,23,parametric
feature_363,3567.9240188598633,22,parametric
feature_267,3564.8349990844727,22,parametric
feature_119,3546.0289916992188,24,parametric
feature_234,3512.7509994506836,24,parametric
feature_247,3506.2337951660156,21,parametric
max_rolling_mean_50,3497.777992248535,19,block
feature_491,3477.7259979248047,21,parametric
feature_232,3459.7410049438477,22,parametric
feature_59,3450.6192321777344,21,parametric
normalized_col,3443.748001098633,21,spatial
feature_192,3400.633949279785,19,parametric
feature_101,3364.954933166504,23,parametric
feature_213,3363.546012878418,21,parametric
feature_107,3323.0940170288086,23,parametric
feature_45,3307.877601623535,22,parametric
feature_14,3245.4330139160156,20,parametric
feature_144,3237.1030044555664,21,parametric
feature_338,3226.4429779052734,20,parametric
feature_344,3216.7939376831055,22,parametric
feature_122,3169.685386657715,20,parametric
feature_287,3168.415107727051,22,parametric
feature_175,3158.9438858032227,21,parametric
block_q99,3154.5753860473633,18,block
feature_273,3148.4400177001953,21,parametric
feature_72,3122.773017883301,21,parametric
feature_450,3106.9500885009766,22,parametric
feature_301,3098.795021057129,20,parametric
feature_158,3097.7565841674805,21,parametric
feature_281,3036.7590103149414,19,parametric
feature_360,3031.700996398926,19,parametric
feature_468,3020.530975341797,20,parametric
feature_304,2990.6760177612305,21,parametric
feature_305,2976.190200805664,20,parametric
feature_357,2929.5720138549805,21,parametric
feature_155,2921.360008239746,20,parametric
feature_93,2911.9107971191406,19,parametric
feature_423,2891.302001953125,20,parametric
feature_201,2886.7507095336914,21,parametric
feature_177,2808.824966430664,18,parametric
feature_266,2807.129081726074,19,parametric
feature_11,2780.900718688965,19,parametric
feature_463,2770.220603942871,18,parametric
feature_494,2747.6149520874023,16,parametric
feature_313,2713.7843170166016,19,parametric
feature_98,2699.7259979248047,18,parametric
feature_112,2688.438949584961,18,parametric
max_rolling_std_200,2657.8099975585938,16,block
feature_50,2651.6849975585938,16,parametric
feature_330,2633.9119720458984,16,parametric
feature_469,2623.4679107666016,20,parametric
normalized_row,2605.263999938965,18,spatial
feature_23,2597.693183898926,19,parametric
feature_353,2539.668975830078,16,parametric
block_q25,2459.7131958007812,17,block
feature_44,2456.9739990234375,16,parametric
feature_120,2416.731086730957,17,parametric
feature_55,2412.832992553711,16,parametric
feature_453,2399.7410278320312,16,parametric
feature_117,2390.400993347168,16,parametric
feature_15,2307.8819732666016,15,parametric
feature_289,2282.944496154785,16,parametric
feature_157,2221.266960144043,14,parametric
feature_92,2191.0951232910156,15,parametric
feature_319,2147.68701171875,15,parametric
feature_179,2128.0559844970703,15,parametric
feature_12,2108.307029724121,13,parametric
max_rolling_std_50,2093.453987121582,12,block
feature_398,2028.1100158691406,15,parametric
feature_477,1993.2309951782227,13,parametric
block_mean_bottom10,1949.2243728637695,12,block
block_min,1851.0899810791016,13,block
block_mean_bottom200,1819.5440139770508,11,block
block_q05,1779.547996520996,12,block
block_q01,1721.2919921875,11,block
feature_25,1717.9737243652344,13,parametric
feature_66,1704.2749862670898,11,parametric
distance_to_nearest_old_failure,1643.641975402832,10,spatial
block_mean_bottom100,1591.72998046875,11,block
block_mean_bottom50,1531.479995727539,10,block
feature_322,1510.0109939575195,11,parametric
block_max_z,1491.3629913330078,9,block
old_fail_count_5x5,1461.8330001831055,4,spatial
feature_376,1453.1128158569336,9,parametric
block_max_mad_deviation,1427.4720001220703,10,block
feature_249,1366.4608001708984,9,parametric
old_fail_count_7x7,1227.2510070800781,4,spatial
max_rolling_std_100,1134.7809982299805,7,block
block_q50,1119.202995300293,7,block
block_range,1068.8089904785156,7,block
feature_103,1017.6019973754883,7,parametric
block_count_z_gt_2,521.8670120239258,4,block
old_fail_count_11x11,519.4490051269531,3,spatial
largest_contiguous_anomaly_run,510.0307083129883,3,block
old_fail_count_9x9,437.1179962158203,3,spatial
old_fail_density_3x3,233.41099548339844,1,spatial
block_count_mad_gt_3,226.35130310058594,2,block
old_fail_count_3x3,220.9409942626953,1,spatial
block_count_z_gt_4,122.9020004272461,1,block
block_count_z_gt_3,119.89900207519531,1,block
