temp_id,source_pool,source_row_index,clean_failureType,grid_shape,grid_rows,grid_cols,n_dies,pre_test_fails,pre_test_fail_rate,lotName,waferIndex,generated_wafer_id,dataset_split,split_index
W_N_0094,none_pass,788072,none,33x37,33,37,953,64,0.06715634837355719,lot46592,7.0,W_N_0094,train,0
W_N_0001,none_pass,648460,none,34x31,34,31,811,71,0.08754623921085081,lot40689,22.0,W_N_0001,train,1
W_F_0040,labeled_failure,432643,Scratch,26x28,26,28,566,93,0.16431095406360424,lot26187,24.0,W_F_0040,train,2
W_F_0015,labeled_failure,398415,Edge-Ring,46x46,46,46,1658,237,0.14294330518697226,lot23844,22.0,W_F_0015,train,3
W_N_0115,none_pass,755890,none,27x25,27,25,518,71,0.13706563706563707,lot45281,20.0,W_N_0115,train,4
W_F_0000,labeled_failure,300826,Loc,81x81,81,81,5139,140,0.027242654212881884,lot18435,4.0,W_F_0000,train,5
W_N_0056,none_pass,719961,none,41x40,41,40,1256,152,0.12101910828025478,lot43828,9.0,W_N_0056,train,6
W_N_0088,none_pass,763069,none,39x37,39,37,1109,91,0.08205590622182146,lot45572,18.0,W_N_0088,train,7
W_N_0044,none_pass,690104,none,39x37,39,37,1129,115,0.10186005314437556,lot42623,23.0,W_N_0044,train,8
W_F_0022,labeled_failure,154783,Edge-Ring,41x41,41,41,1291,212,0.16421378776142526,lot10051,23.0,W_F_0022,train,9
W_N_0074,none_pass,772515,none,41x42,41,42,1334,352,0.2638680659670165,lot45957,21.0,W_N_0074,train,10
W_N_0146,none_pass,640410,none,26x26,26,26,533,82,0.15384615384615385,lot40358,2.0,W_N_0146,train,11
W_N_0143,none_pass,647504,none,26x26,26,26,533,84,0.1575984990619137,lot40645,16.0,W_N_0143,train,12
W_N_0009,none_pass,797968,none,29x26,29,26,562,35,0.06227758007117438,lot46992,22.0,W_N_0009,train,13
W_N_0046,none_pass,652597,none,30x34,30,34,776,90,0.11597938144329897,lot40857,1.0,W_N_0046,train,14
W_N_0147,none_pass,774739,none,41x45,41,45,1442,45,0.031206657420249653,lot46049,16.0,W_N_0147,train,15
W_N_0039,none_pass,687636,none,41x38,41,38,1233,36,0.029197080291970802,lot42522,7.0,W_N_0039,train,16
W_N_0102,none_pass,657163,none,30x34,30,34,776,75,0.09664948453608248,lot41041,25.0,W_N_0102,train,17
W_N_0087,none_pass,806077,none,41x33,41,33,1060,86,0.08113207547169811,lot47322,21.0,W_N_0087,train,18
W_N_0070,none_pass,650332,none,30x34,30,34,776,115,0.1481958762886598,lot40765,15.0,W_N_0070,train,19
W_N_0121,none_pass,754040,none,27x25,27,25,503,55,0.10934393638170974,lot45207,20.0,W_N_0121,train,20
W_N_0020,none_pass,725612,none,30x34,30,34,776,80,0.10309278350515463,lot44055,17.0,W_N_0020,train,21
W_N_0084,none_pass,643157,none,26x26,26,26,533,72,0.1350844277673546,lot40468,23.0,W_N_0084,train,22
W_N_0050,none_pass,684154,none,38x40,38,40,1200,45,0.0375,lot42379,1.0,W_N_0050,train,23
W_F_0029,labeled_failure,771849,Donut,44x41,44,41,1376,362,0.26308139534883723,lot45929,13.0,W_F_0029,train,24
W_N_0011,none_pass,697559,none,25x27,25,27,516,116,0.2248062015503876,lot42925,14.0,W_N_0011,train,25
W_N_0120,none_pass,776196,none,39x50,39,50,1485,132,0.08888888888888889,lot46111,20.0,W_N_0120,train,26
W_F_0045,labeled_failure,174890,Edge-Ring,69x73,69,73,3927,611,0.155589508530685,lot11172,17.0,W_F_0045,train,27
W_N_0003,none_pass,737353,none,33x29,33,29,741,103,0.13900134952766532,lot44534,2.0,W_N_0003,train,28
W_N_0131,none_pass,809805,none,41x33,41,33,1060,81,0.07641509433962264,lot47472,7.0,W_N_0131,train,29
W_N_0098,none_pass,694625,none,38x38,38,38,1133,41,0.03618711385701677,lot42806,21.0,W_N_0098,train,30
W_N_0101,none_pass,712197,none,25x27,25,27,516,89,0.17248062015503876,lot43515,11.0,W_N_0101,train,31
W_N_0129,none_pass,720644,none,34x31,34,31,811,69,0.08508014796547472,lot43856,1.0,W_N_0129,train,32
W_N_0062,none_pass,695430,none,31x31,31,31,736,108,0.14673913043478262,lot42839,14.0,W_N_0062,train,33
W_F_0033,labeled_failure,350362,Edge-Ring,53x52,53,52,2126,266,0.1251175917215428,lot20904,19.0,W_F_0033,train,34
W_N_0030,none_pass,743391,none,43x42,43,42,1421,236,0.1660802251935257,lot44779,24.0,W_N_0030,train,35
W_N_0135,none_pass,766469,none,44x41,44,41,1376,99,0.07194767441860465,lot45711,24.0,W_N_0135,train,36
W_N_0057,none_pass,738850,none,43x44,43,44,1507,74,0.0491041804910418,lot44596,4.0,W_N_0057,train,37
W_N_0095,none_pass,718188,none,41x40,41,40,1256,137,0.10907643312101911,lot43757,6.0,W_N_0095,train,38
W_N_0113,none_pass,688385,none,41x38,41,38,1233,78,0.06326034063260341,lot42552,18.0,W_N_0113,train,39
W_F_0048,labeled_failure,59954,Edge-Loc,56x41,56,41,1800,284,0.15777777777777777,lot4734,23.0,W_F_0048,train,40
W_F_0020,labeled_failure,465147,Edge-Ring,32x29,32,29,712,189,0.2654494382022472,lot28613,17.0,W_F_0020,train,41
W_N_0118,none_pass,736498,none,33x29,33,29,741,88,0.11875843454790823,lot44499,2.0,W_N_0118,train,42
W_N_0119,none_pass,722144,none,25x26,25,26,518,72,0.138996138996139,lot43916,4.0,W_N_0119,train,43
W_N_0029,none_pass,756162,none,27x25,27,25,518,61,0.11776061776061776,lot45292,17.0,W_N_0029,train,44
W_N_0026,none_pass,690205,none,39x37,39,37,1129,80,0.070859167404783,lot42628,4.0,W_N_0026,train,45
W_N_0075,none_pass,699868,none,25x27,25,27,516,112,0.21705426356589147,lot43018,19.0,W_N_0075,train,46
W_N_0130,none_pass,726864,none,30x34,30,34,776,118,0.15206185567010308,lot44106,7.0,W_N_0130,train,47
W_N_0058,none_pass,657319,none,30x34,30,34,776,88,0.1134020618556701,lot41048,6.0,W_N_0058,train,48
W_N_0081,none_pass,777691,none,42x44,42,44,1414,35,0.024752475247524754,lot46172,8.0,W_N_0081,train,49
W_F_0049,labeled_failure,739288,Edge-Loc,43x44,43,44,1507,90,0.059721300597213006,lot44613,17.0,W_F_0049,train,50
W_N_0067,none_pass,689413,none,41x38,41,38,1233,60,0.04866180048661801,lot42595,22.0,W_N_0067,train,51
W_N_0092,none_pass,804917,none,41x33,41,33,1060,106,0.1,lot47275,18.0,W_N_0092,train,52
W_F_0034,labeled_failure,804798,Scratch,41x33,41,33,1060,120,0.11320754716981132,lot47270,24.0,W_F_0034,train,53
W_N_0033,none_pass,642413,none,26x26,26,26,533,74,0.13883677298311445,lot40439,4.0,W_N_0033,train,54
W_N_0116,none_pass,656319,none,30x34,30,34,776,102,0.13144329896907217,lot41007,20.0,W_N_0116,train,55
W_N_0140,none_pass,722079,none,25x26,25,26,518,74,0.14285714285714285,lot43913,14.0,W_N_0140,train,56
W_N_0005,none_pass,769051,none,44x41,44,41,1376,95,0.0690406976744186,lot45816,7.0,W_N_0005,train,57
W_F_0043,labeled_failure,716148,Edge-Loc,45x42,45,42,1485,318,0.21414141414141413,lot43674,3.0,W_F_0043,train,58
W_N_0105,none_pass,778525,none,42x44,42,44,1414,31,0.021923620933521924,lot46206,4.0,W_N_0105,train,59
W_F_0025,labeled_failure,764501,Loc,34x34,34,34,904,90,0.09955752212389381,lot45631,5.0,W_F_0025,train,60
W_F_0042,labeled_failure,49486,Edge-Loc,34x34,34,34,904,77,0.08517699115044247,lot4088,23.0,W_F_0042,train,61
W_N_0027,none_pass,811397,none,26x30,26,30,600,41,0.06833333333333333,lot47540,18.0,W_N_0027,train,62
W_N_0086,none_pass,763174,none,39x37,39,37,1109,89,0.08025247971145176,lot45576,23.0,W_N_0086,train,63
W_N_0042,none_pass,777385,none,42x44,42,44,1414,74,0.05233380480905234,lot46159,14.0,W_N_0042,train,64
W_N_0028,none_pass,759713,none,39x37,39,37,1109,83,0.07484220018034266,lot45437,3.0,W_N_0028,train,65
W_N_0048,none_pass,713435,none,25x27,25,27,516,118,0.22868217054263565,lot43565,7.0,W_N_0048,train,66
W_F_0004,labeled_failure,713993,Edge-Loc,25x27,25,27,516,89,0.17248062015503876,lot43587,15.0,W_F_0004,train,67
W_N_0047,none_pass,645715,none,26x26,26,26,533,79,0.14821763602251406,lot40571,22.0,W_N_0047,train,68
W_N_0065,none_pass,725950,none,30x34,30,34,776,81,0.10438144329896908,lot44069,5.0,W_N_0065,train,69
W_N_0080,none_pass,735420,none,33x29,33,29,741,74,0.09986504723346828,lot44455,14.0,W_N_0080,train,70
W_N_0136,none_pass,808145,none,41x33,41,33,1060,96,0.09056603773584905,lot47405,15.0,W_N_0136,train,71
W_N_0017,none_pass,717148,none,45x42,45,42,1483,77,0.051921780175320294,lot43714,3.0,W_N_0017,train,72
W_F_0044,labeled_failure,712186,Loc,25x27,25,27,516,110,0.2131782945736434,lot43514,25.0,W_F_0044,train,73
W_N_0034,none_pass,1305,none,26x26,26,26,533,62,0.11632270168855535,lot53,6.0,W_N_0034,train,74
W_N_0117,none_pass,719723,none,41x40,41,40,1256,110,0.0875796178343949,lot43818,21.0,W_N_0117,train,75
W_N_0137,none_pass,754659,none,27x25,27,25,502,46,0.09163346613545817,lot45232,14.0,W_N_0137,train,76
W_F_0035,labeled_failure,678865,Center,26x26,26,26,533,108,0.2026266416510319,lot42164,4.0,W_F_0035,train,77
W_F_0026,labeled_failure,346756,Edge-Ring,53x52,53,52,2126,240,0.11288805268109126,lot20728,21.0,W_F_0026,train,78
W_N_0114,none_pass,248012,none,82x83,82,83,5340,140,0.026217228464419477,lot15471,17.0,W_N_0114,train,79
W_F_0002,labeled_failure,350355,Edge-Ring,53x52,53,52,2126,264,0.12417685794920037,lot20904,12.0,W_F_0002,train,80
W_N_0093,none_pass,736799,none,33x29,33,29,741,74,0.09986504723346828,lot44511,3.0,W_N_0093,train,81
W_F_0032,labeled_failure,683346,Edge-Loc,35x31,35,31,843,96,0.11387900355871886,lot42345,19.0,W_F_0032,train,82
W_N_0148,none_pass,738309,none,43x44,43,44,1507,64,0.042468480424684804,lot44574,11.0,W_N_0148,train,83
W_N_0079,none_pass,810519,none,26x30,26,30,600,39,0.065,lot47503,22.0,W_N_0079,train,84
W_N_0008,none_pass,679391,none,35x31,35,31,845,113,0.13372781065088757,lot42185,12.0,W_N_0008,train,85
W_N_0022,none_pass,801215,none,29x26,29,26,562,25,0.04448398576512456,lot47125,3.0,W_N_0022,train,86
W_N_0060,none_pass,776256,none,39x50,39,50,1485,228,0.15353535353535352,lot46114,5.0,W_N_0060,train,87
W_F_0005,labeled_failure,801342,Loc,29x26,29,26,562,61,0.10854092526690391,lot47130,5.0,W_F_0005,train,88
W_N_0106,none_pass,796585,none,29x26,29,26,562,51,0.09074733096085409,lot46937,2.0,W_N_0106,train,89
W_F_0001,labeled_failure,385424,Edge-Ring,46x46,46,46,1658,280,0.16887816646562123,lot23110,4.0,W_F_0001,train,90
W_F_0041,labeled_failure,199921,Edge-Ring,63x62,63,62,3036,372,0.1225296442687747,lot12758,11.0,W_F_0041,train,91
W_F_0037,labeled_failure,698816,Edge-Loc,25x27,25,27,516,139,0.2693798449612403,lot42976,8.0,W_F_0037,train,92
W_N_0045,none_pass,781528,none,42x44,42,44,1414,37,0.02616690240452617,lot46327,7.0,W_N_0045,train,93
W_N_0124,none_pass,690975,none,39x37,39,37,1129,95,0.0841452612931798,lot42659,10.0,W_N_0124,train,94
W_F_0039,labeled_failure,756606,Edge-Loc,39x37,39,37,1109,121,0.109107303877367,lot45311,11.0,W_F_0039,train,95
W_N_0078,none_pass,787959,none,33x37,33,37,953,126,0.1322140608604407,lot46587,19.0,W_N_0078,train,96
W_N_0052,none_pass,687991,none,41x38,41,38,1233,44,0.035685320356853206,lot42536,12.0,W_N_0052,train,97
W_N_0000,none_pass,720869,none,34x31,34,31,811,86,0.1060419235511714,lot43865,1.0,W_N_0000,train,98
W_N_0007,none_pass,738332,none,43x44,43,44,1507,67,0.04445919044459191,lot44575,9.0,W_N_0007,train,99
W_N_0085,none_pass,750599,none,27x25,27,25,498,73,0.1465863453815261,lot45068,19.0,W_N_0085,train,100
W_N_0037,none_pass,642489,none,26x26,26,26,533,76,0.1425891181988743,lot40442,5.0,W_N_0037,train,101
W_N_0091,none_pass,718719,none,41x40,41,40,1256,110,0.0875796178343949,lot43778,14.0,W_N_0091,train,102
W_N_0004,none_pass,795305,none,29x26,29,26,562,49,0.08718861209964412,lot46885,21.0,W_N_0004,train,103
W_N_0043,none_pass,705303,none,25x27,25,27,516,123,0.23837209302325582,lot43237,10.0,W_N_0043,train,104
W_F_0046,labeled_failure,279760,Donut,41x42,41,42,1334,358,0.2683658170914543,lot17168,10.0,W_F_0046,train,105
W_N_0063,none_pass,704522,none,25x27,25,27,516,129,0.25,lot43206,4.0,W_N_0063,train,106
W_N_0061,none_pass,694968,none,32x32,32,32,793,56,0.07061790668348046,lot42820,25.0,W_N_0061,train,107
W_N_0110,none_pass,776841,none,35x34,35,34,935,34,0.03636363636363636,lot46137,17.0,W_N_0110,train,108
W_N_0090,none_pass,751020,none,27x25,27,25,506,56,0.11067193675889328,lot45085,15.0,W_N_0090,train,109
W_N_0059,none_pass,762327,none,39x37,39,37,1109,106,0.09558160504959423,lot45542,25.0,W_N_0059,train,110
W_N_0138,none_pass,775978,none,39x50,39,50,1485,207,0.1393939393939394,lot46102,20.0,W_N_0138,train,111
W_F_0028,labeled_failure,756510,Random,39x37,39,37,1109,357,0.3219116321009919,lot45307,15.0,W_F_0028,train,112
W_N_0069,none_pass,742561,none,33x35,33,35,895,80,0.0893854748603352,lot44746,18.0,W_N_0069,train,113
W_N_0089,none_pass,718358,none,41x40,41,40,1256,127,0.10111464968152867,lot43764,3.0,W_N_0089,train,114
W_N_0051,none_pass,750821,none,27x25,27,25,501,57,0.11377245508982035,lot45077,16.0,W_N_0051,train,115
W_N_0107,none_pass,773653,none,41x45,41,45,1442,57,0.03952843273231623,lot46005,6.0,W_N_0107,train,116
W_N_0109,none_pass,677405,none,29x27,29,27,592,34,0.057432432432432436,lot42105,14.0,W_N_0109,train,117
W_N_0123,none_pass,788291,none,33x37,33,37,951,120,0.12618296529968454,lot46601,1.0,W_N_0123,train,118
W_F_0013,labeled_failure,21578,Edge-Ring,38x36,38,36,1075,207,0.1925581395348837,lot2526,6.0,W_F_0013,train,119
W_N_0041,none_pass,737037,none,33x29,33,29,741,70,0.09446693657219973,lot44521,11.0,W_N_0041,train,120
W_N_0132,none_pass,727464,none,30x34,30,34,776,88,0.1134020618556701,lot44130,7.0,W_N_0132,train,121
W_N_0014,none_pass,641409,none,26x26,26,26,533,76,0.1425891181988743,lot40398,5.0,W_N_0014,train,122
W_N_0103,none_pass,693033,none,38x38,38,38,1139,40,0.03511852502194908,lot42742,7.0,W_N_0103,train,123
W_F_0023,labeled_failure,652993,Edge-Loc,30x34,30,34,776,130,0.16752577319587628,lot40872,22.0,W_F_0023,train,124
W_N_0013,none_pass,784437,none,37x37,37,37,1085,82,0.07557603686635944,lot46445,20.0,W_N_0013,train,125
W_N_0071,none_pass,700671,none,25x27,25,27,516,115,0.22286821705426357,lot43050,22.0,W_N_0071,train,126
W_N_0082,none_pass,716020,none,45x42,45,42,1485,97,0.06531986531986532,lot43668,25.0,W_N_0082,train,127
W_N_0031,none_pass,3944,none,26x26,26,26,533,65,0.12195121951219512,lot159,20.0,W_N_0031,train,128
W_N_0141,none_pass,720164,none,41x40,41,40,1256,137,0.10907643312101911,lot43836,21.0,W_N_0141,train,129
W_N_0149,none_pass,777276,none,42x44,42,44,1414,67,0.04738330975954738,lot46155,5.0,W_N_0149,train,130
W_N_0064,none_pass,739753,none,43x44,43,44,1507,72,0.047777040477770406,lot44632,7.0,W_N_0064,train,131
W_F_0008,labeled_failure,227018,Edge-Ring,53x66,53,66,2734,310,0.11338697878566203,lot14270,17.0,W_F_0008,train,132
W_F_0006,labeled_failure,603682,Edge-Ring,49x39,49,39,1513,187,0.12359550561797752,lot38010,7.0,W_F_0006,train,133
W_N_0083,none_pass,716347,none,45x42,45,42,1485,73,0.04915824915824916,lot43682,2.0,W_N_0083,train,134
W_F_0038,labeled_failure,346884,Edge-Ring,53x52,53,52,2126,240,0.11288805268109126,lot20733,24.0,W_F_0038,train,135
W_N_0035,none_pass,761798,none,39x37,39,37,1109,70,0.06311992786293959,lot45521,9.0,W_N_0035,train,136
W_F_0012,labeled_failure,336960,Scratch,34x35,34,35,912,98,0.1074561403508772,lot20292,1.0,W_F_0012,train,137
W_N_0134,none_pass,3406,none,26x26,26,26,533,106,0.19887429643527205,lot137,15.0,W_N_0134,train,138
W_N_0032,none_pass,727529,none,30x34,30,34,776,77,0.09922680412371133,lot44132,22.0,W_N_0032,train,139
W_N_0036,none_pass,713737,none,25x27,25,27,516,127,0.24612403100775193,lot43577,9.0,W_N_0036,train,140
W_N_0104,none_pass,640430,none,26x26,26,26,533,91,0.17073170731707318,lot40358,22.0,W_N_0104,train,141
W_N_0100,none_pass,773600,none,41x45,41,45,1442,64,0.044382801664355064,lot46003,3.0,W_N_0100,train,142
W_N_0053,none_pass,747395,none,27x25,27,25,518,78,0.15057915057915058,lot44940,8.0,W_N_0053,train,143
W_F_0007,labeled_failure,654973,Near-full,30x34,30,34,776,774,0.9974226804123711,lot40953,10.0,W_F_0007,train,144
W_N_0021,none_pass,726027,none,30x34,30,34,776,95,0.12242268041237113,lot44072,7.0,W_N_0021,train,145
W_N_0054,none_pass,782709,none,42x44,42,44,1414,31,0.021923620933521924,lot46375,2.0,W_N_0054,train,146
W_N_0055,none_pass,694267,none,38x38,38,38,1139,56,0.04916593503072871,lot42791,19.0,W_N_0055,train,147
W_N_0097,none_pass,659160,none,30x34,30,34,776,87,0.11211340206185567,lot41122,14.0,W_N_0097,train,148
W_F_0021,labeled_failure,735044,Edge-Loc,33x29,33,29,741,132,0.17813765182186234,lot44440,13.0,W_F_0021,train,149
W_F_0018,labeled_failure,187308,Edge-Ring,38x38,38,38,1129,148,0.13108945969884853,lot11884,24.0,W_F_0018,train,150
W_F_0031,labeled_failure,627967,Center,31x31,31,31,733,236,0.3219645293315143,lot39452,8.0,W_F_0031,train,151
W_N_0139,none_pass,654568,none,30x34,30,34,776,120,0.15463917525773196,lot40936,21.0,W_N_0139,train,152
W_N_0133,none_pass,765674,none,48x48,48,48,1791,107,0.059743160245672805,lot45680,3.0,W_N_0133,train,153
W_F_0017,labeled_failure,697032,Random,25x27,25,27,516,206,0.3992248062015504,lot42904,12.0,W_F_0017,train,154
W_F_0024,labeled_failure,764166,Edge-Loc,33x32,33,32,834,157,0.1882494004796163,lot45617,20.0,W_F_0024,train,155
W_N_0040,none_pass,780034,none,42x44,42,44,1414,50,0.03536067892503536,lot46267,11.0,W_N_0040,train,156
W_N_0049,none_pass,772663,none,41x42,41,42,1334,118,0.08845577211394302,lot45963,19.0,W_N_0049,train,157
W_N_0072,none_pass,766558,none,44x41,44,41,1376,102,0.07412790697674419,lot45715,13.0,W_N_0072,train,158
W_F_0011,labeled_failure,643603,Loc,26x26,26,26,533,104,0.1951219512195122,lot40486,19.0,W_F_0011,train,159
W_F_0014,labeled_failure,718577,Edge-Loc,41x40,41,40,1256,220,0.1751592356687898,lot43772,22.0,W_F_0014,test,160
W_N_0018,none_pass,751657,none,27x25,27,25,505,43,0.08514851485148515,lot45111,25.0,W_N_0018,test,161
W_N_0108,none_pass,707743,none,25x27,25,27,516,78,0.1511627906976744,lot43335,17.0,W_N_0108,test,162
W_N_0006,none_pass,702065,none,25x27,25,27,516,123,0.23837209302325582,lot43107,12.0,W_N_0006,test,163
W_N_0145,none_pass,683275,none,35x31,35,31,844,107,0.12677725118483413,lot42342,23.0,W_N_0145,test,164
W_F_0019,labeled_failure,743898,Edge-Ring,43x42,43,42,1421,377,0.2653061224489796,lot44800,8.0,W_F_0019,test,165
W_N_0112,none_pass,652490,none,30x34,30,34,776,105,0.13530927835051546,lot40852,11.0,W_N_0112,test,166
W_N_0127,none_pass,677017,none,29x27,29,27,592,40,0.06756756756756757,lot42090,1.0,W_N_0127,test,167
W_N_0128,none_pass,5288,none,26x26,26,26,533,75,0.14071294559099437,lot213,14.0,W_N_0128,test,168
W_N_0126,none_pass,685188,none,38x42,38,42,1250,62,0.0496,lot42420,11.0,W_N_0126,test,169
W_F_0030,labeled_failure,591490,Center,25x27,25,27,515,166,0.32233009708737864,lot36933,2.0,W_F_0030,test,170
W_N_0010,none_pass,712305,none,25x27,25,27,516,74,0.1434108527131783,lot43519,19.0,W_N_0010,test,171
W_N_0019,none_pass,778790,none,42x44,42,44,1414,45,0.03182461103253183,lot46216,19.0,W_N_0019,test,172
W_N_0023,none_pass,701296,none,25x27,25,27,516,94,0.1821705426356589,lot43076,18.0,W_N_0023,test,173
W_N_0025,none_pass,726288,none,30x34,30,34,776,72,0.09278350515463918,lot44082,18.0,W_N_0025,test,174
W_F_0003,labeled_failure,55946,Edge-Loc,32x29,32,29,710,115,0.1619718309859155,lot4499,5.0,W_F_0003,test,175
W_N_0002,none_pass,756295,none,39x37,39,37,1109,149,0.13435527502254282,lot45298,1.0,W_N_0002,test,176
W_F_0016,labeled_failure,383671,Edge-Loc,36x35,36,35,985,168,0.17055837563451776,lot22986,11.0,W_F_0016,test,177
W_N_0015,none_pass,716707,none,45x42,45,42,1483,59,0.03978422117329737,lot43696,12.0,W_N_0015,test,178
W_N_0066,none_pass,761733,none,39x37,39,37,1109,78,0.0703336339044184,lot45518,19.0,W_N_0066,test,179
W_N_0038,none_pass,643423,none,26x26,26,26,533,90,0.16885553470919323,lot40479,14.0,W_N_0038,test,180
W_N_0142,none_pass,642000,none,26x26,26,26,533,94,0.17636022514071295,lot40421,21.0,W_N_0142,test,181
W_N_0016,none_pass,766090,none,44x41,44,41,1376,106,0.07703488372093023,lot45696,19.0,W_N_0016,test,182
W_N_0068,none_pass,746655,none,27x25,27,25,518,64,0.12355212355212356,lot44910,16.0,W_N_0068,test,183
W_N_0125,none_pass,795646,none,29x26,29,26,562,52,0.09252669039145907,lot46899,12.0,W_N_0125,test,184
W_N_0076,none_pass,5939,none,26x26,26,26,533,70,0.13133208255159476,lot239,17.0,W_N_0076,test,185
W_N_0111,none_pass,711854,none,25x27,25,27,516,100,0.1937984496124031,lot43501,12.0,W_N_0111,test,186
W_F_0047,labeled_failure,111816,Center,30x34,30,34,776,96,0.12371134020618557,lot7529,25.0,W_F_0047,test,187
W_N_0144,none_pass,804544,none,33x35,33,35,895,73,0.08156424581005586,lot47260,19.0,W_N_0144,test,188
W_N_0077,none_pass,756342,none,39x37,39,37,1109,137,0.12353471596032461,lot45299,23.0,W_N_0077,test,189
W_N_0096,none_pass,652480,none,30x34,30,34,776,92,0.11855670103092783,lot40852,1.0,W_N_0096,test,190
W_N_0099,none_pass,780708,none,42x44,42,44,1414,39,0.027581329561527583,lot46294,10.0,W_N_0099,test,191
W_F_0027,labeled_failure,59322,Edge-Loc,56x41,56,41,1801,274,0.1521377012770683,lot4705,8.0,W_F_0027,test,192
W_N_0073,none_pass,6353,none,26x26,26,26,533,83,0.15572232645403378,lot256,6.0,W_N_0073,test,193
W_N_0012,none_pass,787724,none,33x37,33,37,952,70,0.07352941176470588,lot46578,9.0,W_N_0012,test,194
W_F_0010,labeled_failure,269642,Edge-Loc,72x72,72,72,4096,2371,0.578857421875,lot16638,5.0,W_F_0010,test,195
W_F_0036,labeled_failure,21471,Edge-Ring,38x36,38,36,1075,198,0.1841860465116279,lot2521,23.0,W_F_0036,test,196
W_F_0009,labeled_failure,346975,Edge-Ring,53x52,53,52,2126,263,0.12370649106302917,lot20737,16.0,W_F_0009,test,197
W_N_0024,none_pass,757019,none,39x37,39,37,1109,127,0.1145175834084761,lot45327,24.0,W_N_0024,test,198
W_N_0122,none_pass,650094,none,30x34,30,34,776,104,0.13402061855670103,lot40755,15.0,W_N_0122,test,199
