model_x,reference_model,pearson_corr,spearman_corr,disagreement_count,disagreement_rate,defects_both_caught,defects_only_x_caught,defects_only_ref_caught,defects_both_missed,total_unique_defects_caught,unique_defect_coverage_pct
LightGBM A,LightGBM B,0.7228,0.6766,832,0.006,1892,37,269,3169,2198,40.95
LightGBM A,Model C1,0.6693,0.6488,1298,0.0094,1910,19,436,3002,2365,44.07
LightGBM A,B + C1 Ensemble,0.6877,0.6596,1170,0.0085,1909,20,414,3024,2343,43.66
LightGBM B,Model C1,0.8318,0.8311,1044,0.0076,2096,65,250,2956,2411,44.92
LightGBM B,B + C1 Ensemble,0.8669,0.858,774,0.0056,2123,38,200,3006,2361,43.99
XGBoost A,LightGBM B,0.7218,0.6655,829,0.006,1876,31,285,3175,2192,40.84
XGBoost A,Model C1,0.6509,0.6396,1303,0.0095,1897,10,449,3011,2356,43.9
XGBoost A,B + C1 Ensemble,0.6711,0.65,1171,0.0085,1898,9,425,3035,2332,43.45
XGBoost B,LightGBM B,0.9298,0.9141,677,0.0049,2065,110,96,3096,2271,42.31
XGBoost B,Model C1,0.8141,0.8154,1089,0.0079,2102,73,244,2948,2419,45.07
XGBoost B,B + C1 Ensemble,0.8425,0.8355,899,0.0065,2111,64,212,2980,2387,44.48
CatBoost B,LightGBM B,0.9353,0.9262,872,0.0063,2099,186,62,3020,2347,43.73
CatBoost B,Model C1,0.8502,0.8327,1156,0.0084,2162,123,184,2898,2469,46.0
CatBoost B,B + C1 Ensemble,0.8757,0.8527,944,0.0069,2177,108,146,2936,2431,45.3
Random Forest B,LightGBM B,0.7886,0.7591,3209,0.0233,1461,318,700,2888,2479,46.19
Random Forest B,Model C1,0.7009,0.6764,3351,0.0244,1528,251,818,2770,2597,48.39
Random Forest B,B + C1 Ensemble,0.7239,0.6932,3243,0.0236,1529,250,794,2794,2573,47.94
Model C1,LightGBM B,0.8318,0.8311,1044,0.0076,2096,250,65,2956,2411,44.92
Model C1,B + C1 Ensemble,0.9978,0.9986,328,0.0024,2285,61,38,2983,2384,44.42
