ensemble,alpha_c1,auc_pr,roc_auc
C1 + XGBoost B,0.0,0.5447387427300335,0.8701706915786486
C1 + XGBoost B,0.05,0.5474845285212997,0.8739526605896284
C1 + XGBoost B,0.1,0.5501273761212415,0.8771004078532808
C1 + XGBoost B,0.15,0.5526754841990673,0.8797361616560544
C1 + XGBoost B,0.2,0.5551065841966262,0.8819558327778986
C1 + XGBoost B,0.25,0.5574488493150342,0.8838336701569693
C1 + XGBoost B,0.3,0.5596881832463044,0.8854176031109554
C1 + XGBoost B,0.35,0.5618280404524437,0.8867522688029356
C1 + XGBoost B,0.4,0.5638790115866991,0.8878714681901698
C1 + XGBoost B,0.45,0.5658114513701228,0.8888065338186166
C1 + XGBoost B,0.5,0.5676259183003,0.8895759382552908
C1 + XGBoost B,0.55,0.569343354847504,0.8902002116638379
C1 + XGBoost B,0.6,0.5709477829364206,0.8906998736380582
C1 + XGBoost B,0.65,0.5724112756139191,0.8910898530280288
C1 + XGBoost B,0.7,0.5737722690312925,0.8913745236359035
C1 + XGBoost B,0.75,0.5749571516385,0.8915653466977108
C1 + XGBoost B,0.8,0.5759536737626835,0.8916683583000065
C1 + XGBoost B,0.85,0.576723635964007,0.8916893253506081
C1 + XGBoost B,0.9,0.5772167029736492,0.8916350921769396
C1 + XGBoost B,0.95,0.5773170574059981,0.8915095167726843
C1 + XGBoost B,1.0,0.5765830853359013,0.8913069034003184
C1 + XGBoost B,0.89,0.5771416850649125,0.8916518503149805
C1 + XGBoost B,0.899,0.577213052172996,0.8916368369061379
C1 + XGBoost B,0.908,0.5772573771624108,0.8916188385728673
C1 + XGBoost B,0.918,0.5773037441232469,0.8915983401187586
C1 + XGBoost B,0.927,0.577324126602687,0.8915775344344681
C1 + XGBoost B,0.936,0.5773363090377732,0.8915522457262848
C1 + XGBoost B,0.945,0.5773299032839524,0.891524807816141
C1 + XGBoost B,0.954,0.5773066419297408,0.8914959789143022
C1 + XGBoost B,0.963,0.5772597044683436,0.8914635520369845
C1 + XGBoost B,0.972,0.5771930673003003,0.8914295636411279
C1 + XGBoost B,0.982,0.5771102226359204,0.8913913754932432
C1 + XGBoost B,0.991,0.5769892374849835,0.8913504617344787
C1 + XGBoost B,1.0,0.5765830853359013,0.8913069034003184
C1 + CatBoost B,0.0,0.5491978693139946,0.8761434351626208
C1 + CatBoost B,0.05,0.5518979932099556,0.8786025428853061
C1 + CatBoost B,0.1,0.5544690290532918,0.8807944216548471
C1 + CatBoost B,0.15,0.5569119596049322,0.8827363038430283
C1 + CatBoost B,0.2,0.5592397527692388,0.8844469622004829
C1 + CatBoost B,0.25,0.561453533101207,0.8859386147641918
C1 + CatBoost B,0.3,0.5635294504696996,0.8872323117342102
C1 + CatBoost B,0.35,0.5655062079413683,0.8883418439405603
C1 + CatBoost B,0.4,0.5673351117629942,0.8892792694632254
C1 + CatBoost B,0.45,0.5690484417661671,0.8900648133496386
C1 + CatBoost B,0.5,0.5706270888046816,0.8906990019781156
C1 + CatBoost B,0.55,0.5720816551336889,0.8912032054627083
C1 + CatBoost B,0.6,0.5734029201688621,0.8915857295881732
C1 + CatBoost B,0.65,0.5745669081989598,0.8918588149404961
C1 + CatBoost B,0.7,0.5755891463514823,0.8920308342467899
C1 + CatBoost B,0.75,0.5764405750222108,0.8921097846523169
C1 + CatBoost B,0.8,0.5770916324288559,0.8921022694920191
C1 + CatBoost B,0.85,0.577489675872468,0.8920130747920323
C1 + CatBoost B,0.9,0.577656597756902,0.8918484015285051
C1 + CatBoost B,0.95,0.5774603630014856,0.891611884319048
C1 + CatBoost B,1.0,0.5765830853359013,0.8913069034003184
C1 + CatBoost B,0.84,0.5774323494858722,0.8920368393284646
C1 + CatBoost B,0.85,0.577489675872468,0.8920130747920323
C1 + CatBoost B,0.86,0.5775381854767263,0.8919849160184113
C1 + CatBoost B,0.87,0.5775839068759427,0.8919539505984267
C1 + CatBoost B,0.88,0.5776196523053239,0.8919222805220618
C1 + CatBoost B,0.89,0.5776485887595221,0.8918870040143413
C1 + CatBoost B,0.9,0.577656597756902,0.8918484015285051
C1 + CatBoost B,0.91,0.5776430378642801,0.891806225025507
C1 + CatBoost B,0.92,0.5776242324590828,0.8917614913245038
C1 + CatBoost B,0.93,0.5775865220301667,0.8917136374050482
C1 + CatBoost B,0.94,0.5775267363978818,0.891664178983014
C1 + CatBoost B,0.95,0.5774603630014856,0.8916118843190481
C1 + CatBoost B,0.96,0.5773646455058218,0.8915556886773599
C1 + Random Forest B,0.0,0.3697677446913366,0.8378944500647604
C1 + Random Forest B,0.05,0.3962201410359203,0.8578054969773533
C1 + Random Forest B,0.1,0.4187094806997839,0.8694858480216031
C1 + Random Forest B,0.15,0.4379984607896242,0.8766366213447044
C1 + Random Forest B,0.2,0.4548472212506823,0.8812189270934929
C1 + Random Forest B,0.25,0.46985954246605127,0.8842750556392097
C1 + Random Forest B,0.3,0.4833107624276633,0.8863835023886435
C1 + Random Forest B,0.35,0.49553880644770926,0.887863125763281
C1 + Random Forest B,0.4,0.5066547944159471,0.8889236977396581
C1 + Random Forest B,0.45,0.5167427664473159,0.889690553434204
C1 + Random Forest B,0.5,0.5260408005497692,0.8902490161647512
C1 + Random Forest B,0.55,0.534580225860401,0.8906563047340522
C1 + Random Forest B,0.6,0.5423482559352619,0.8909451335192281
C1 + Random Forest B,0.65,0.5494886510946543,0.8911513561415749
C1 + Random Forest B,0.7,0.5559909705651924,0.8912917631533271
C1 + Random Forest B,0.75,0.5619124058927936,0.8913821811367904
C1 + Random Forest B,0.8,0.5670371384811133,0.8914290612211284
C1 + Random Forest B,0.85,0.5712115677145772,0.8914406866420937
C1 + Random Forest B,0.9,0.5743892129541487,0.8914231597239417
C1 + Random Forest B,0.95,0.5762953907260212,0.891378261838002
C1 + Random Forest B,1.0,0.5765830853359013,0.8913069034003184
C1 + Random Forest B,0.94,0.5760346915342995,0.891389360175995
C1 + Random Forest B,0.945,0.576172263722519,0.8913838920424823
C1 + Random Forest B,0.95,0.5762953907260212,0.891378261838002
C1 + Random Forest B,0.955,0.5764138994765655,0.8913722750773935
C1 + Random Forest B,0.96,0.576503455673302,0.8913655406763649
C1 + Random Forest B,0.965,0.5765957483741058,0.8913586470229946
C1 + Random Forest B,0.97,0.5766716700253071,0.8913516554223874
C1 + Random Forest B,0.975,0.5767403199446206,0.8913447596550477
C1 + Random Forest B,0.98,0.5767883477379501,0.8913376609466707
C1 + Random Forest B,0.985,0.5768225559752544,0.8913309413434263
C1 + Random Forest B,0.99,0.5768445714898378,0.8913236115077563
C1 + Random Forest B,0.995,0.5768538955678795,0.891315617885776
C1 + Random Forest B,1.0,0.5765830853359013,0.8913069034003184
C1 + LightGBM B,0.0,0.5543212888321933,0.8759800415550806
C1 + LightGBM B,0.05,0.5566032911535365,0.8787278117640361
C1 + LightGBM B,0.1,0.5588138030218324,0.8810565390306077
C1 + LightGBM B,0.15,0.5609238185000069,0.8830398909514375
C1 + LightGBM B,0.2,0.5629422426422354,0.8847439248342588
C1 + LightGBM B,0.25,0.5648772157694704,0.8862022055764441
C1 + LightGBM B,0.3,0.5666935112341263,0.8874513161186428
C1 + LightGBM B,0.35,0.5684139004515342,0.8885133523709784
C1 + LightGBM B,0.4,0.5700554288542119,0.8894097309548232
C1 + LightGBM B,0.45,0.5715729388210276,0.8901549670869591
C1 + LightGBM B,0.5,0.572976995233451,0.8907618552132868
C1 + LightGBM B,0.55,0.5742516641080694,0.8912462331906141
C1 + LightGBM B,0.6,0.5753972561601348,0.8916187448535686
C1 + LightGBM B,0.65,0.5764252155215913,0.8918893998460351
C1 + LightGBM B,0.7,0.5772661840216241,0.8920606510768743
C1 + LightGBM B,0.75,0.5779587726906441,0.8921425709043889
C1 + LightGBM B,0.8,0.5784158885435456,0.8921356617485781
C1 + LightGBM B,0.85,0.5786050969800879,0.8920463662827288
C1 + LightGBM B,0.9,0.5784761775392466,0.8918760198306821
C1 + LightGBM B,0.95,0.5779429894411499,0.8916306006971704
C1 + LightGBM B,1.0,0.5765830853359013,0.8913069034003184
C1 + LightGBM B,0.79,0.5783425828803974,0.8921452760802335
C1 + LightGBM B,0.8,0.5784158885435456,0.8921356617485781
C1 + LightGBM B,0.81,0.5784767953307002,0.892124931241216
C1 + LightGBM B,0.82,0.5785213961895472,0.8921106915450789
C1 + LightGBM B,0.83,0.5785617036866272,0.892093065270377
C1 + LightGBM B,0.84,0.5785881642399909,0.8920704331167482
C1 + LightGBM B,0.85,0.5786050969800879,0.8920463662827288
C1 + LightGBM B,0.86,0.5786100265821364,0.8920191425881248
C1 + LightGBM B,0.87,0.5785987478457575,0.8919887098883639
C1 + LightGBM B,0.88,0.5785713041752241,0.8919551189187056
C1 + LightGBM B,0.89,0.5785317124814636,0.8919170153295869
C1 + LightGBM B,0.9,0.5784761775392466,0.8918760198306821
C1 + LightGBM B,0.91,0.5784067446994168,0.8918341209622979
C1 + LightGBM B + XGBoost B,0.7,0.575140229241437,0.8916545759258605
C1 + LightGBM B + XGBoost B,0.7,0.575709383556984,0.891768238409347
C1 + LightGBM B + XGBoost B,0.7,0.5761873682269971,0.8918626327687658
C1 + LightGBM B + XGBoost B,0.7,0.5765653801175643,0.8919367358430513
C1 + LightGBM B + XGBoost B,0.7,0.5768768707337706,0.8919948333523104
C1 + LightGBM B + XGBoost B,0.7,0.5771108289539104,0.8920370718650702
C1 + LightGBM B + XGBoost B,0.7,0.5772475836823948,0.892061872951038
C1 + LightGBM B + XGBoost B,0.725,0.5756202187311975,0.891725849100122
C1 + LightGBM B + XGBoost B,0.725,0.5761332222893837,0.8918235778935331
C1 + LightGBM B + XGBoost B,0.725,0.5765670778327773,0.8919098602486992
C1 + LightGBM B + XGBoost B,0.725,0.5769354973229355,0.8919793140001865
C1 + LightGBM B + XGBoost B,0.725,0.5772340910629742,0.8920347429757326
C1 + LightGBM B + XGBoost B,0.725,0.5774394260778644,0.8920759491668947
C1 + LightGBM B + XGBoost B,0.725,0.5775795511969589,0.892102182114628
C1 + LightGBM B + XGBoost B,0.75,0.5760568301909168,0.8917783671401603
C1 + LightGBM B + XGBoost B,0.75,0.5765031402293874,0.8918652357694353
C1 + LightGBM B + XGBoost B,0.75,0.576901782582987,0.8919391006698643
C1 + LightGBM B + XGBoost B,0.75,0.5772517868451876,0.892003925533588
C1 + LightGBM B + XGBoost B,0.75,0.5775213852068218,0.8920546826373315
C1 + LightGBM B + XGBoost B,0.75,0.5777196469814982,0.8920942202021847
C1 + LightGBM B + XGBoost B,0.75,0.5778599202076908,0.8921216574076719
C1 + LightGBM B + XGBoost B,0.775,0.5764450153629769,0.8918120652175885
C1 + LightGBM B + XGBoost B,0.775,0.5768533371397864,0.8918883935967239
C1 + LightGBM B + XGBoost B,0.775,0.5772115688007055,0.8919535080742199
C1 + LightGBM B + XGBoost B,0.775,0.5775197895788714,0.8920107529492585
C1 + LightGBM B + XGBoost B,0.775,0.5777647732230108,0.8920586033454325
C1 + LightGBM B + XGBoost B,0.775,0.5779506484605391,0.8920937882478234
C1 + LightGBM B + XGBoost B,0.775,0.5780934065324506,0.8921223028729166
C1 + LightGBM B + XGBoost B,0.8,0.5767896683745534,0.8918227351245019
C1 + LightGBM B + XGBoost B,0.8,0.5771479731533011,0.8918902200660621
C1 + LightGBM B + XGBoost B,0.8,0.5774601162630087,0.8919481230901599
C1 + LightGBM B + XGBoost B,0.8,0.5777315303821621,0.8919977125782812
C1 + LightGBM B + XGBoost B,0.8,0.5779625354124636,0.8920417472601547
C1 + LightGBM B + XGBoost B,0.8,0.5781441962585127,0.892077710807846
C1 + LightGBM B + XGBoost B,0.8,0.5782726697988935,0.892103906408791
C1 + LightGBM B + XGBoost B,0.825,0.577094818398383,0.8918190610461341
C1 + LightGBM B + XGBoost B,0.825,0.5773969298052618,0.8918756985073726
C1 + LightGBM B + XGBoost B,0.825,0.577670732062662,0.8919254754340911
C1 + LightGBM B + XGBoost B,0.825,0.5779177213869834,0.8919701633324294
C1 + LightGBM B + XGBoost B,0.825,0.5781162996786992,0.892008309200931
C1 + LightGBM B + XGBoost B,0.825,0.578288145064638,0.8920412377935916
C1 + LightGBM B + XGBoost B,0.825,0.578407119841326,0.8920677215989964
C1 + LightGBM B + XGBoost B,0.85,0.5773331385365053,0.8917972364287172
C1 + LightGBM B + XGBoost B,0.85,0.5775892874185005,0.8918449078421706
C1 + LightGBM B + XGBoost B,0.85,0.5778241092813982,0.8918866953748468
C1 + LightGBM B + XGBoost B,0.85,0.578028576204378,0.8919235897736169
C1 + LightGBM B + XGBoost B,0.85,0.5782090245651621,0.8919575161597121
C1 + LightGBM B + XGBoost B,0.85,0.5783496359464378,0.891985932132912
C1 + LightGBM B + XGBoost B,0.85,0.5784623732438252,0.8920097241509429
C1 + LightGBM B + XGBoost B,0.875,0.5775043235374112,0.8917565101085502
C1 + LightGBM B + XGBoost B,0.875,0.5777215559999946,0.8917946926191838
C1 + LightGBM B + XGBoost B,0.875,0.5778993753115459,0.8918296492129074
C1 + LightGBM B + XGBoost B,0.875,0.5780692080714754,0.8918595393272553
C1 + LightGBM B + XGBoost B,0.875,0.5782136148629599,0.8918874634503016
C1 + LightGBM B + XGBoost B,0.875,0.5783323543594115,0.8919121827961295
C1 + LightGBM B + XGBoost B,0.875,0.5784427858524005,0.8919362411742723
C1 + LightGBM B + XGBoost B,0.9,0.5775939090792626,0.8917011635778005
C1 + LightGBM B + XGBoost B,0.9,0.5777567912141126,0.8917290947474105
C1 + LightGBM B + XGBoost B,0.9,0.5779008660204474,0.8917560549005284
C1 + LightGBM B + XGBoost B,0.9,0.5780334343623109,0.8917804472857954
C1 + LightGBM B + XGBoost B,0.9,0.5781497455458684,0.8918031090349925
C1 + LightGBM B + XGBoost B,0.9,0.578248575313742,0.8918237864718217
C1 + LightGBM B + XGBoost B,0.9,0.5783397976346413,0.8918433139094379
C1 + LightGBM B + CatBoost B,0.7,0.5765276092187921,0.8921678828662326
C1 + LightGBM B + CatBoost B,0.7,0.5768532582975062,0.892209067213047
C1 + LightGBM B + CatBoost B,0.7,0.5771070483792153,0.8922353325749737
C1 + LightGBM B + CatBoost B,0.7,0.5773118550175085,0.8922460687195868
C1 + LightGBM B + CatBoost B,0.7,0.577437168622676,0.8922396521185862
C1 + LightGBM B + CatBoost B,0.7,0.5774811973231765,0.892216296987511
C1 + LightGBM B + CatBoost B,0.7,0.5774763609251533,0.8921805976859623
C1 + LightGBM B + CatBoost B,0.725,0.5768695659626589,0.8921953841954506
C1 + LightGBM B + CatBoost B,0.725,0.577168801443673,0.8922308946490893
C1 + LightGBM B + CatBoost B,0.725,0.5774126393721138,0.8922530744133219
C1 + LightGBM B + CatBoost B,0.725,0.5776063666100903,0.8922627380709238
C1 + LightGBM B + CatBoost B,0.725,0.5777338192516588,0.8922599152174638
C1 + LightGBM B + CatBoost B,0.725,0.5777816772055038,0.8922428935379364
C1 + LightGBM B + CatBoost B,0.725,0.5777800300031066,0.8922115927015147
C1 + LightGBM B + CatBoost B,0.75,0.5771846425041879,0.8922036385402918
C1 + LightGBM B + CatBoost B,0.75,0.5774484241628169,0.8922327676257488
C1 + LightGBM B + CatBoost B,0.75,0.5776764816236291,0.892252624842551
C1 + LightGBM B + CatBoost B,0.75,0.5778467904358496,0.8922610821284298
C1 + LightGBM B + CatBoost B,0.75,0.5779687515697545,0.892259013961953
C1 + LightGBM B + CatBoost B,0.75,0.5780351864310038,0.892248072762333
C1 + LightGBM B + CatBoost B,0.75,0.5780488575920214,0.8922238114431524
C1 + LightGBM B + CatBoost B,0.775,0.577445004084778,0.8921925120160438
C1 + LightGBM B + CatBoost B,0.775,0.5776828442183675,0.8922168325263601
C1 + LightGBM B + CatBoost B,0.775,0.5778823671414361,0.8922328338634484
C1 + LightGBM B + CatBoost B,0.775,0.5780356643549832,0.892242135327671
C1 + LightGBM B + CatBoost B,0.775,0.5781583481220467,0.8922409120441943
C1 + LightGBM B + CatBoost B,0.775,0.5782334343949694,0.8922325364984558
C1 + LightGBM B + CatBoost B,0.775,0.5782712402247487,0.8922138638090291
C1 + LightGBM B + CatBoost B,0.8,0.577653733537996,0.8921644018637129
C1 + LightGBM B + CatBoost B,0.8,0.5778703221574486,0.892185612020766
C1 + LightGBM B + CatBoost B,0.8,0.5780581278986097,0.8921985960192328
C1 + LightGBM B + CatBoost B,0.8,0.5781956891732695,0.8922059286735282
C1 + LightGBM B + CatBoost B,0.8,0.5783065416206499,0.8922056968415792
C1 + LightGBM B + CatBoost B,0.8,0.5783808154527986,0.8921985326001588
C1 + LightGBM B + CatBoost B,0.8,0.5784253380141329,0.8921854217635432
C1 + LightGBM B + CatBoost B,0.825,0.5778104475771415,0.8921160863943278
C1 + LightGBM B + CatBoost B,0.825,0.578006310258707,0.8921334364437283
C1 + LightGBM B + CatBoost B,0.825,0.5781602733874249,0.8921447109458165
C1 + LightGBM B + CatBoost B,0.825,0.5782976836224062,0.8921513868603651
C1 + LightGBM B + CatBoost B,0.825,0.5783920878429782,0.8921520097766056
C1 + LightGBM B + CatBoost B,0.825,0.5784722611417938,0.8921466839836818
C1 + LightGBM B + CatBoost B,0.825,0.5785264783905352,0.8921359478390685
C1 + LightGBM B + CatBoost B,0.85,0.577902703472179,0.8920513876640962
C1 + LightGBM B + CatBoost B,0.85,0.5780656697604951,0.8920640122878092
C1 + LightGBM B + CatBoost B,0.85,0.5782222601720712,0.8920746878319736
C1 + LightGBM B + CatBoost B,0.85,0.5783391019169348,0.8920805667801561
C1 + LightGBM B + CatBoost B,0.85,0.5784258075132162,0.89208022924975
C1 + LightGBM B + CatBoost B,0.85,0.5784964289645071,0.8920763508210318
C1 + LightGBM B + CatBoost B,0.85,0.5785540141814167,0.8920694423698774
C1 + LightGBM B + CatBoost B,0.875,0.5779411944613817,0.8919677308586038
C1 + LightGBM B + CatBoost B,0.875,0.5780796851647182,0.8919776693321944
C1 + LightGBM B + CatBoost B,0.875,0.5782102977446218,0.8919842310924093
C1 + LightGBM B + CatBoost B,0.875,0.5783079907780215,0.8919870328061785
C1 + LightGBM B + CatBoost B,0.875,0.5783855303449161,0.8919886647903557
C1 + LightGBM B + CatBoost B,0.875,0.5784566834729885,0.8919890142999203
C1 + LightGBM B + CatBoost B,0.875,0.5785200940768399,0.8919864606251975
C1 + LightGBM B + CatBoost B,0.9,0.5778967209402012,0.891866074310528
C1 + LightGBM B + CatBoost B,0.9,0.578008112525085,0.8918729306171101
C1 + LightGBM B + CatBoost B,0.9,0.5781171517352217,0.8918789342894722
C1 + LightGBM B + CatBoost B,0.9,0.5781909404674122,0.8918820347775461
C1 + LightGBM B + CatBoost B,0.9,0.5782695113228555,0.8918841670677536
C1 + LightGBM B + CatBoost B,0.9,0.5783316439137203,0.8918844306092399
C1 + LightGBM B + CatBoost B,0.9,0.5783850501610459,0.8918832200095782
