feature,importance
pca_01,41.77149260449389
inter_pca01_x_roll350,24.644123970973304
wafer_die_count,4.5525231125856775
block_mean_top200,2.82533397947102
max_rolling_mean_400,2.6685623466537995
inter_pca01_x_edge,2.50999157782568
wafer_old_fail_rate,2.4567040844119474
wafer_old_fail_count,2.155814516837953
max_rolling_mean_200,2.095923555596139
inter_pca01_x_cluster_size,1.6410240831636032
max_rolling_mean_350,1.2597873020053953
block_q75,1.2219823587156242
block_mean,0.7344067442046711
block_q95,0.5751316862847315
inter_pca01_x_edt,0.5621421631254572
zernike_Z2_0,0.40894233621705606
max_rolling_mean_100_start_idx,0.38979642092745814
block_q50,0.3462957700928735
block_mean_top100,0.2802280352146779
max_rolling_mean_100,0.22442712084336783
radius,0.19590071831713046
block_mean_top50,0.17903667459187406
distance_to_edge,0.17559554053449003
inter_roll350_x_cluster,0.15597136526067756
feature_405,0.14812488899207357
burst_excess_350,0.14706711049907395
block_mean_top10,0.14526925411672803
feature_202,0.120245417735767
max_rolling_std_350,0.11895621845640812
block_max,0.10733006598371994
feature_141,0.10531842943441992
radius_squared,0.10417856714982361
old_fail_density_9x9,0.10161740532804632
block_mean_bottom50,0.0925089234283271
block_median,0.08968664794549565
reticle_pos,0.08655786069389151
feature_325,0.08461303771414941
block_rolling_mean_350,0.08440402381689009
feature_391,0.08188848915936388
feature_306,0.08123054216824391
feature_312,0.07926455398710545
feature_335,0.07357694979902359
feature_77,0.07318373243907388
feature_153,0.06975523637240674
feature_71,0.06782824159414001
feature_40,0.06620027679383031
feature_341,0.06554051960925379
feature_392,0.06229017770048763
feature_318,0.0614429928235249
feature_126,0.06031285006784394
feature_445,0.05583567804612392
feature_437,0.05371838692539922
feature_239,0.05322645865141767
feature_485,0.05321093155264086
feature_347,0.051291388430158895
feature_222,0.05038105964926029
feature_438,0.04977194976415162
feature_118,0.04574996606471881
min_rolling_mean_350,0.04333971839469078
feature_407,0.043265402153818536
feature_56,0.0431321612120639
distance_to_nearest_old_failure,0.04197557200850457
feature_125,0.04167070586929372
feature_50,0.04066330713412692
feature_185,0.03781472286831632
feature_149,0.036944229551113664
max_rolling_mean_350_start_idx,0.036727044574096555
feature_14,0.036699442143522526
feature_419,0.03636166377031094
feature_490,0.03610265453371093
feature_242,0.03600857406002451
feature_170,0.035691657615762346
feature_32,0.03534775342168582
feature_385,0.03430169891605132
feature_351,0.03410539480846233
old_fail_density_7x7,0.0339528715629745
feature_6,0.033427845663616236
feature_332,0.032825455731520986
feature_16,0.03217846975251342
feature_431,0.0321592159456655
feature_158,0.03147560014236008
feature_472,0.030081936492022638
feature_210,0.03005887651452363
nearest_defect_cluster_size,0.02977267674281416
feature_28,0.029462239496738343
feature_44,0.029452301312434495
feature_221,0.029360738445328074
feature_397,0.02903483547378781
feature_481,0.028655589456746258
feature_199,0.02809134881491508
feature_487,0.028075652233933487
feature_386,0.027976864944502734
feature_301,0.02723816642441183
pca_03,0.026753156591644917
feature_495,0.026521472098390262
feature_255,0.025751686625041355
feature_4,0.025454986172575477
feature_452,0.025443142867872384
feature_94,0.025439637187783307
feature_214,0.02505912306122574
feature_96,0.025010718228395866
feature_46,0.024976360215480907
feature_295,0.024537220308129187
feature_113,0.024454488218554768
feature_338,0.024418091007852007
feature_197,0.023324898386148457
old_fail_density_11x11,0.022958159290785676
feature_379,0.02285659959837135
feature_219,0.02270397669251948
feature_26,0.02257915147270237
feature_455,0.022202861324592784
feature_473,0.021881438880544654
feature_83,0.021631281883619468
feature_296,0.02152752080044994
feature_93,0.021354313726752235
feature_324,0.02120463237253679
feature_116,0.02104851471037312
feature_393,0.020999806505258626
feature_121,0.02049158337592894
feature_262,0.020383182463281628
feature_95,0.020336180543052168
feature_162,0.0200270301549332
feature_280,0.019719900024651255
feature_231,0.019649977626594275
feature_433,0.019549344189600096
feature_364,0.019256998072897814
feature_321,0.019160945802390878
feature_369,0.0190543884474134
feature_115,0.01904252409846058
feature_91,0.019027618108842518
block_range,0.018957790146512693
feature_376,0.018927134807220497
feature_105,0.018899912742700385
feature_252,0.018415175638465134
is_defect_neighbor_1hop,0.018139580411201787
feature_168,0.01797533690287082
feature_90,0.017962742906738383
feature_23,0.017765470460870857
feature_333,0.017735423995012024
feature_103,0.01764716469463897
feature_207,0.017361117014173914
feature_254,0.01716973433781689
largest_contiguous_anomaly_run,0.016803438686383905
feature_164,0.016548703479248444
block_max_z,0.016529718714901054
pca_09,0.0164734855094662
zernike_Z2_neg2,0.01644555065292969
feature_253,0.01638236346406368
feature_300,0.01622253254044364
feature_224,0.016173225273948592
block_mean_bottom10,0.016141496789875854
feature_382,0.016131010081721034
feature_61,0.016023764406197592
feature_235,0.01593769274340042
max_rolling_std_200,0.01576204427927442
feature_284,0.015720836615994074
feature_227,0.015704666992832877
feature_70,0.01569180909808155
feature_277,0.015639543755149386
feature_408,0.015228174780487986
feature_496,0.015220190884703158
feature_223,0.01519259178993511
feature_416,0.015056476293155974
feature_287,0.014939174512210484
feature_69,0.014700323971276791
feature_268,0.014627004202086222
feature_500,0.014513982224643585
feature_354,0.01445455879175179
zernike_Z2_2,0.014447724229626126
feature_151,0.014324801538064202
block_q25,0.01405270154525185
feature_136,0.013951537594379376
block_count_z_gt_4,0.013936802913115925
feature_79,0.01377298028394183
pca_02,0.01360489319727907
feature_132,0.013532063767384967
feature_331,0.013429259517457041
feature_334,0.01340493338313402
feature_421,0.013373800720292178
block_q99,0.013279760813271521
block_std,0.013177262164377283
feature_166,0.013135837980523613
feature_422,0.012804754337628918
feature_302,0.01271675137769406
feature_55,0.012504876949522898
feature_220,0.012345246598791545
feature_35,0.012225323380818545
feature_60,0.012166509279419896
feature_229,0.012108175380766611
feature_440,0.012070443865312452
feature_371,0.011917255813206863
feature_464,0.011821565110345957
feature_228,0.011321049014872419
feature_442,0.011183936814089693
feature_448,0.011020325797353755
feature_342,0.010897965605791055
feature_216,0.010706394517671082
feature_130,0.010215377567418315
feature_247,0.009653909392314725
feature_97,0.00965274660885043
feature_307,0.009341116696034843
feature_82,0.009205846210093942
feature_491,0.00914931334135912
feature_468,0.008742947655455996
feature_488,0.008637786241812153
feature_322,0.008512795305443868
feature_486,0.008124420420807377
feature_150,0.00793927508400822
feature_65,0.007930270700140124
feature_84,0.00789642401543508
feature_398,0.0076977200950623945
feature_282,0.0074387003505761605
feature_489,0.0064987915519752375
feature_291,0.006416878288240411
feature_213,0.006084898771756493
feature_52,0.005753482746548433
feature_458,0.004457573104452147
exact_edt_distance,0.004252247205006576
feature_463,0.0
feature_101,0.0
feature_483,0.0
feature_465,0.0
feature_466,0.0
feature_467,0.0
feature_102,0.0
feature_439,0.0
feature_441,0.0
feature_482,0.0
feature_480,0.0
feature_479,0.0
feature_444,0.0
feature_443,0.0
feature_436,0.0
feature_109,0.0
feature_110,0.0
feature_111,0.0
feature_108,0.0
feature_112,0.0
feature_107,0.0
feature_114,0.0
feature_462,0.0
feature_454,0.0
feature_456,0.0
feature_457,0.0
feature_459,0.0
feature_460,0.0
feature_106,0.0
feature_461,0.0
feature_104,0.0
feature_453,0.0
feature_417,0.0
feature_418,0.0
feature_388,0.0
feature_117,0.0
feature_119,0.0
feature_120,0.0
feature_122,0.0
feature_123,0.0
feature_124,0.0
feature_127,0.0
feature_128,0.0
feature_449,0.0
feature_131,0.0
feature_100,0.0
feature_389,0.0
feature_390,0.0
feature_394,0.0
feature_395,0.0
feature_396,0.0
feature_399,0.0
feature_400,0.0
feature_401,0.0
feature_402,0.0
feature_403,0.0
feature_129,0.0
feature_446,0.0
feature_447,0.0
feature_478,0.0
feature_450,0.0
feature_451,0.0
feature_420,0.0
feature_423,0.0
feature_424,0.0
feature_425,0.0
feature_426,0.0
feature_427,0.0
feature_428,0.0
feature_415,0.0
feature_430,0.0
feature_432,0.0
feature_434,0.0
feature_435,0.0
feature_404,0.0
feature_406,0.0
feature_409,0.0
feature_410,0.0
feature_411,0.0
feature_412,0.0
feature_413,0.0
feature_414,0.0
feature_429,0.0
feature_24,0.0
feature_25,0.0
feature_27,0.0
feature_29,0.0
feature_30,0.0
feature_2,0.0
feature_47,0.0
feature_48,0.0
feature_49,0.0
feature_51,0.0
feature_20,0.0
feature_469,0.0
block_mean_bottom200,0.0
block_count_z_gt_2,0.0
block_count_z_gt_3,0.0
block_count_mad_gt_3,0.0
block_max_mad_deviation,0.0
max_rolling_mean_50,0.0
old_fail_count_9x9,0.0
feature_53,0.0
feature_54,0.0
feature_57,0.0
feature_58,0.0
block_mean_bottom100,0.0
feature_7,0.0
feature_8,0.0
feature_9,0.0
feature_10,0.0
feature_11,0.0
feature_12,0.0
feature_13,0.0
feature_15,0.0
feature_17,0.0
feature_18,0.0
feature_19,0.0
feature_22,0.0
pca_10,0.0
is_defect_neighbor_2hop,0.0
defect_vector_dc,0.0
tophat_peak_200,0.0
tophat_energy_200,0.0
zernike_Z1_neg1,0.0
zernike_Z1_1,0.0
zernike_Z4_0,0.0
is_reticle_corner,0.0
feature_3,0.0
feature_21,0.0
tophat_energy_100,0.0
feature_484,0.0
feature_85,0.0
feature_86,0.0
feature_87,0.0
feature_88,0.0
feature_89,0.0
feature_92,0.0
feature_98,0.0
feature_99,0.0
feature_68,0.0
feature_492,0.0
feature_59,0.0
feature_494,0.0
feature_497,0.0
feature_498,0.0
feature_499,0.0
feature_372,0.0
feature_470,0.0
feature_471,0.0
feature_474,0.0
feature_475,0.0
feature_476,0.0
feature_477,0.0
feature_493,0.0
feature_62,0.0
feature_63,0.0
feature_64,0.0
feature_66,0.0
feature_67,0.0
feature_36,0.0
old_fail_count_11x11,0.0
block_min,0.0
block_q01,0.0
block_q05,0.0
feature_72,0.0
old_fail_count_7x7,0.0
feature_74,0.0
feature_75,0.0
feature_76,0.0
feature_78,0.0
feature_80,0.0
feature_81,0.0
normalized_row,0.0
normalized_col,0.0
old_fail_count_3x3,0.0
old_fail_density_3x3,0.0
old_fail_count_5x5,0.0
old_fail_density_5x5,0.0
feature_73,0.0
feature_246,0.0
feature_248,0.0
feature_249,0.0
feature_250,0.0
feature_251,0.0
feature_256,0.0
feature_257,0.0
feature_258,0.0
feature_259,0.0
feature_230,0.0
feature_232,0.0
feature_378,0.0
feature_234,0.0
feature_236,0.0
feature_237,0.0
feature_238,0.0
feature_240,0.0
feature_241,0.0
feature_243,0.0
feature_212,0.0
feature_181,0.0
feature_182,0.0
feature_183,0.0
feature_233,0.0
feature_171,0.0
feature_172,0.0
feature_173,0.0
feature_174,0.0
feature_175,0.0
feature_176,0.0
feature_177,0.0
feature_178,0.0
feature_179,0.0
feature_148,0.0
feature_261,0.0
feature_245,0.0
feature_264,0.0
feature_265,0.0
feature_266,0.0
feature_267,0.0
feature_269,0.0
feature_270,0.0
feature_271,0.0
feature_272,0.0
feature_273,0.0
feature_274,0.0
feature_275,0.0
feature_244,0.0
feature_263,0.0
feature_211,0.0
feature_180,0.0
tophat_peak_100,0.0
feature_34,0.0
max_rolling_std_50,0.0
max_rolling_std_100,0.0
pca_04,0.0
pca_05,0.0
pca_06,0.0
pca_07,0.0
pca_08,0.0
feature_184,0.0
feature_38,0.0
feature_39,0.0
feature_41,0.0
feature_42,0.0
feature_43,0.0
defect_vector_dr,0.0
feature_1,0.0
nearest_defect_log_cluster_size,0.0
feature_33,0.0
feature_31,0.0
feature_5,0.0
feature_37,0.0
feature_186,0.0
feature_187,0.0
feature_188,0.0
feature_189,0.0
feature_190,0.0
feature_191,0.0
feature_192,0.0
feature_193,0.0
feature_194,0.0
feature_195,0.0
feature_215,0.0
feature_209,0.0
feature_218,0.0
feature_225,0.0
feature_226,0.0
feature_196,0.0
feature_198,0.0
feature_200,0.0
feature_201,0.0
feature_203,0.0
feature_204,0.0
feature_205,0.0
feature_206,0.0
feature_208,0.0
feature_217,0.0
feature_134,0.0
feature_135,0.0
feature_137,0.0
feature_138,0.0
feature_139,0.0
feature_140,0.0
feature_142,0.0
feature_143,0.0
feature_144,0.0
feature_145,0.0
feature_146,0.0
feature_169,0.0
feature_343,0.0
feature_344,0.0
feature_345,0.0
feature_346,0.0
feature_348,0.0
feature_349,0.0
feature_350,0.0
feature_352,0.0
feature_353,0.0
feature_355,0.0
feature_326,0.0
feature_147,0.0
feature_373,0.0
feature_374,0.0
feature_375,0.0
feature_377,0.0
feature_45,0.0
feature_380,0.0
feature_381,0.0
feature_383,0.0
feature_384,0.0
feature_387,0.0
feature_356,0.0
feature_133,0.0
feature_358,0.0
feature_359,0.0
feature_360,0.0
feature_361,0.0
feature_362,0.0
feature_363,0.0
feature_365,0.0
feature_366,0.0
feature_367,0.0
feature_368,0.0
feature_370,0.0
feature_340,0.0
feature_357,0.0
feature_320,0.0
feature_323,0.0
feature_292,0.0
feature_293,0.0
feature_294,0.0
feature_297,0.0
feature_298,0.0
feature_299,0.0
feature_303,0.0
feature_304,0.0
feature_305,0.0
feature_327,0.0
feature_278,0.0
feature_279,0.0
feature_281,0.0
feature_283,0.0
feature_285,0.0
feature_286,0.0
feature_288,0.0
feature_289,0.0
feature_290,0.0
feature_260,0.0
feature_165,0.0
feature_167,0.0
feature_276,0.0
feature_328,0.0
feature_329,0.0
feature_330,0.0
feature_336,0.0
feature_337,0.0
feature_339,0.0
feature_308,0.0
feature_152,0.0
feature_154,0.0
feature_155,0.0
feature_156,0.0
feature_319,0.0
feature_159,0.0
feature_160,0.0
feature_161,0.0
feature_163,0.0
feature_309,0.0
feature_310,0.0
feature_311,0.0
feature_313,0.0
feature_314,0.0
feature_315,0.0
feature_316,0.0
feature_317,0.0
feature_157,0.0
